user_id,signup_date,country,user_segment
U00001,2025-10-08 03:27:23.390338,UK,returning
U00002,2025-09-18 03:27:23.390338,India,returning
U00003,2025-10-01 03:27:23.390338,UK,returning
U00004,2025-09-29 03:27:23.390338,Germany,new
U00005,2025-10-15 03:27:23.390338,UK,new
U00006,2025-09-15 03:27:23.390338,UK,returning
U00007,2025-10-12 03:27:23.390338,Australia,new
U00008,2025-10-17 03:27:23.390338,UK,new
U00009,2025-10-30 03:27:23.390338,Germany,new
U00010,2025-10-25 03:27:23.390338,India,new
U00011,2025-09-10 03:27:23.390338,USA,new
U00012,2025-10-31 03:27:23.390338,Australia,new
U00013,2025-10-26 03:27:23.390338,Germany,new
U00014,2025-09-26 03:27:23.390338,UK,vip
U00015,2025-11-04 03:27:23.390338,Germany,returning
U00016,2025-10-06 03:27:23.390338,USA,new
U00017,2025-10-18 03:27:23.390338,Germany,returning
U00018,2025-10-07 03:27:23.390338,Germany,new
U00019,2025-11-05 03:27:23.390338,Germany,new
U00020,2025-10-27 03:27:23.390338,Australia,new
U00021,2025-09-24 03:27:23.390338,Australia,new
U00022,2025-10-05 03:27:23.390338,India,returning
U00023,2025-09-24 03:27:23.390338,USA,new
U00024,2025-10-19 03:27:23.390338,UK,new
U00025,2025-10-16 03:27:23.390338,Australia,new
U00026,2025-11-06 03:27:23.390338,UK,new
U00027,2025-11-02 03:27:23.390338,USA,new
U00028,2025-09-12 03:27:23.390338,Germany,returning
U00029,2025-10-29 03:27:23.390338,USA,vip
U00030,2025-09-19 03:27:23.390338,UK,returning
U00031,2025-11-05 03:27:23.390338,Germany,new
U00032,2025-09-22 03:27:23.390338,USA,new
U00033,2025-10-08 03:27:23.390338,Germany,returning
U00034,2025-10-27 03:27:23.390338,UK,returning
U00035,2025-09-17 03:27:23.390338,India,new
U00036,2025-09-09 03:27:23.390338,UK,new
U00037,2025-10-11 03:27:23.390338,UK,returning
U00038,2025-11-06 03:27:23.390338,USA,new
U00039,2025-10-22 03:27:23.390338,Germany,new
U00040,2025-09-13 03:27:23.390338,UK,new
U00041,2025-10-22 03:27:23.390338,India,new
U00042,2025-09-24 03:27:23.390338,Germany,new
U00043,2025-09-16 03:27:23.390338,UK,new
U00044,2025-10-15 03:27:23.390338,Germany,returning
U00045,2025-10-05 03:27:23.390338,Australia,new
U00046,2025-10-11 03:27:23.390338,Germany,vip
U00047,2025-10-07 03:27:23.390338,Germany,new
U00048,2025-09-11 03:27:23.390338,India,vip
U00049,2025-10-21 03:27:23.390338,Germany,new
U00050,2025-10-21 03:27:23.390338,USA,new
U00051,2025-11-06 03:27:23.390338,UK,vip
U00052,2025-11-06 03:27:23.390338,UK,new
U00053,2025-10-02 03:27:23.390338,Germany,returning
U00054,2025-10-30 03:27:23.390338,USA,new
U00055,2025-10-25 03:27:23.390338,USA,returning
U00056,2025-10-18 03:27:23.390338,UK,returning
U00057,2025-09-12 03:27:23.390338,UK,new
U00058,2025-10-03 03:27:23.390338,India,new
U00059,2025-10-15 03:27:23.390338,Germany,returning
U00060,2025-09-12 03:27:23.390338,UK,returning
U00061,2025-09-19 03:27:23.390338,Australia,new
U00062,2025-10-09 03:27:23.390338,UK,new
U00063,2025-09-10 03:27:23.390338,Germany,new
U00064,2025-10-16 03:27:23.390338,UK,new
U00065,2025-10-12 03:27:23.390338,Germany,new
U00066,2025-11-04 03:27:23.390338,UK,new
U00067,2025-09-27 03:27:23.390338,India,new
U00068,2025-10-06 03:27:23.390338,Australia,new
U00069,2025-09-23 03:27:23.390338,USA,new
U00070,2025-09-10 03:27:23.390338,Germany,vip
U00071,2025-09-13 03:27:23.390338,UK,returning
U00072,2025-11-06 03:27:23.390338,UK,new
U00073,2025-10-03 03:27:23.390338,Germany,new
U00074,2025-10-16 03:27:23.390338,Germany,new
U00075,2025-09-13 03:27:23.390338,India,new
U00076,2025-10-25 03:27:23.390338,UK,new
U00077,2025-11-02 03:27:23.390338,Australia,new
U00078,2025-10-31 03:27:23.390338,India,new
U00079,2025-09-22 03:27:23.390338,Germany,new
U00080,2025-09-23 03:27:23.390338,USA,new
U00081,2025-09-28 03:27:23.390338,India,new
U00082,2025-09-10 03:27:23.390338,USA,vip
U00083,2025-10-14 03:27:23.390338,UK,new
U00084,2025-10-28 03:27:23.390338,Germany,new
U00085,2025-11-02 03:27:23.390338,Australia,returning
U00086,2025-10-23 03:27:23.390338,Germany,new
U00087,2025-10-29 03:27:23.390338,Germany,new
U00088,2025-11-05 03:27:23.390338,India,vip
U00089,2025-11-07 03:27:23.390338,India,returning
U00090,2025-10-10 03:27:23.390338,USA,new
U00091,2025-09-11 03:27:23.390338,Germany,returning
U00092,2025-10-14 03:27:23.390338,Germany,returning
U00093,2025-09-19 03:27:23.390338,Australia,new
U00094,2025-10-02 03:27:23.390338,UK,new
U00095,2025-09-17 03:27:23.390338,Germany,returning
U00096,2025-10-13 03:27:23.390338,Germany,new
U00097,2025-09-20 03:27:23.390338,India,new
U00098,2025-10-24 03:27:23.390338,USA,new
U00099,2025-10-07 03:27:23.390338,UK,returning
U00100,2025-09-30 03:27:23.390338,Australia,returning
U00101,2025-10-12 03:27:23.390338,Australia,new
U00102,2025-10-02 03:27:23.390338,India,new
U00103,2025-11-03 03:27:23.390338,India,returning
U00104,2025-09-13 03:27:23.390338,Germany,returning
U00105,2025-10-17 03:27:23.390338,India,returning
U00106,2025-11-04 03:27:23.390338,Germany,returning
U00107,2025-09-22 03:27:23.390338,Australia,returning
U00108,2025-10-13 03:27:23.390338,India,new
U00109,2025-10-29 03:27:23.390338,Australia,returning
U00110,2025-10-21 03:27:23.390338,USA,new
U00111,2025-09-15 03:27:23.390338,Australia,new
U00112,2025-09-20 03:27:23.390338,India,new
U00113,2025-09-30 03:27:23.390338,USA,returning
U00114,2025-09-10 03:27:23.390338,India,new
U00115,2025-09-10 03:27:23.390338,Germany,new
U00116,2025-09-10 03:27:23.390338,UK,returning
U00117,2025-10-13 03:27:23.390338,Germany,new
U00118,2025-09-26 03:27:23.390338,Germany,returning
U00119,2025-10-08 03:27:23.390338,Australia,returning
U00120,2025-10-13 03:27:23.390338,USA,new
U00121,2025-09-27 03:27:23.390338,Australia,new
U00122,2025-10-27 03:27:23.390338,UK,returning
U00123,2025-10-06 03:27:23.390338,Germany,new
U00124,2025-10-15 03:27:23.390338,UK,new
U00125,2025-09-24 03:27:23.390338,Australia,vip
U00126,2025-10-10 03:27:23.390338,USA,new
U00127,2025-09-27 03:27:23.390338,Australia,returning
U00128,2025-09-20 03:27:23.390338,Germany,returning
U00129,2025-09-17 03:27:23.390338,India,new
U00130,2025-10-26 03:27:23.390338,Australia,vip
U00131,2025-11-06 03:27:23.390338,Australia,new
U00132,2025-10-14 03:27:23.390338,USA,new
U00133,2025-09-20 03:27:23.390338,Australia,returning
U00134,2025-09-15 03:27:23.390338,India,new
U00135,2025-10-28 03:27:23.390338,India,returning
U00136,2025-10-21 03:27:23.390338,Australia,new
U00137,2025-10-08 03:27:23.390338,USA,new
U00138,2025-09-29 03:27:23.390338,UK,new
U00139,2025-10-01 03:27:23.390338,India,new
U00140,2025-11-07 03:27:23.390338,India,new
U00141,2025-10-20 03:27:23.390338,UK,new
U00142,2025-09-13 03:27:23.390338,Germany,new
U00143,2025-09-11 03:27:23.390338,UK,new
U00144,2025-10-11 03:27:23.390338,USA,returning
U00145,2025-11-06 03:27:23.390338,USA,new
U00146,2025-09-14 03:27:23.390338,India,returning
U00147,2025-11-03 03:27:23.390338,India,new
U00148,2025-10-07 03:27:23.390338,India,returning
U00149,2025-10-17 03:27:23.390338,Australia,new
U00150,2025-09-25 03:27:23.390338,Australia,vip
U00151,2025-11-05 03:27:23.390338,Germany,vip
U00152,2025-09-10 03:27:23.390338,UK,returning
U00153,2025-11-03 03:27:23.390338,Australia,new
U00154,2025-10-21 03:27:23.390338,India,returning
U00155,2025-10-26 03:27:23.390338,Australia,returning
U00156,2025-11-07 03:27:23.390338,USA,returning
U00157,2025-09-23 03:27:23.390338,USA,returning
U00158,2025-09-29 03:27:23.390338,USA,new
U00159,2025-10-16 03:27:23.390338,India,returning
U00160,2025-10-14 03:27:23.390338,Australia,new
U00161,2025-09-20 03:27:23.390338,Australia,returning
U00162,2025-11-01 03:27:23.390338,USA,returning
U00163,2025-10-26 03:27:23.390338,UK,new
U00164,2025-10-17 03:27:23.390338,Australia,new
U00165,2025-10-31 03:27:23.390338,USA,new
U00166,2025-11-06 03:27:23.390338,India,returning
U00167,2025-10-24 03:27:23.390338,UK,new
U00168,2025-09-23 03:27:23.390338,Germany,returning
U00169,2025-09-11 03:27:23.390338,India,new
U00170,2025-09-30 03:27:23.390338,India,new
U00171,2025-09-17 03:27:23.390338,India,new
U00172,2025-10-08 03:27:23.390338,Australia,new
U00173,2025-10-02 03:27:23.390338,UK,vip
U00174,2025-10-31 03:27:23.390338,India,new
U00175,2025-10-17 03:27:23.390338,USA,returning
U00176,2025-10-18 03:27:23.390338,Germany,new
U00177,2025-09-24 03:27:23.390338,Australia,new
U00178,2025-11-02 03:27:23.390338,USA,returning
U00179,2025-09-11 03:27:23.390338,USA,returning
U00180,2025-10-17 03:27:23.390338,USA,returning
U00181,2025-10-19 03:27:23.390338,USA,returning
U00182,2025-10-29 03:27:23.390338,UK,new
U00183,2025-10-09 03:27:23.390338,UK,new
U00184,2025-11-07 03:27:23.390338,USA,new
U00185,2025-10-07 03:27:23.390338,Germany,new
U00186,2025-09-30 03:27:23.390338,India,new
U00187,2025-09-23 03:27:23.390338,Germany,new
U00188,2025-11-05 03:27:23.390338,Australia,new
U00189,2025-11-07 03:27:23.390338,Germany,new
U00190,2025-09-22 03:27:23.390338,Germany,new
U00191,2025-10-10 03:27:23.390338,Germany,new
U00192,2025-09-25 03:27:23.390338,Germany,returning
U00193,2025-09-24 03:27:23.390338,Australia,new
U00194,2025-11-01 03:27:23.390338,UK,vip
U00195,2025-10-18 03:27:23.390338,USA,vip
U00196,2025-11-01 03:27:23.390338,USA,new
U00197,2025-10-26 03:27:23.390338,Australia,returning
U00198,2025-09-10 03:27:23.390338,USA,new
U00199,2025-09-21 03:27:23.390338,USA,new
U00200,2025-10-18 03:27:23.390338,India,new
U00201,2025-09-11 03:27:23.390338,Australia,new
U00202,2025-10-25 03:27:23.390338,India,vip
U00203,2025-09-25 03:27:23.390338,Germany,new
U00204,2025-10-19 03:27:23.390338,UK,vip
U00205,2025-10-09 03:27:23.390338,Australia,new
U00206,2025-10-15 03:27:23.390338,India,new
U00207,2025-10-08 03:27:23.390338,Germany,new
U00208,2025-10-28 03:27:23.390338,UK,new
U00209,2025-09-18 03:27:23.390338,USA,new
U00210,2025-10-04 03:27:23.390338,Germany,returning
U00211,2025-10-24 03:27:23.390338,USA,new
U00212,2025-10-09 03:27:23.390338,India,new
U00213,2025-11-05 03:27:23.390338,USA,new
U00214,2025-09-25 03:27:23.390338,UK,returning
U00215,2025-10-20 03:27:23.390338,UK,new
U00216,2025-10-15 03:27:23.390338,Germany,returning
U00217,2025-09-11 03:27:23.390338,UK,new
U00218,2025-10-04 03:27:23.390338,UK,new
U00219,2025-10-08 03:27:23.390338,India,returning
U00220,2025-10-16 03:27:23.390338,Germany,new
U00221,2025-10-29 03:27:23.390338,India,new
U00222,2025-10-02 03:27:23.390338,Germany,returning
U00223,2025-09-12 03:27:23.390338,Australia,new
U00224,2025-10-28 03:27:23.390338,Australia,new
U00225,2025-09-16 03:27:23.390338,USA,new
U00226,2025-10-26 03:27:23.390338,UK,new
U00227,2025-09-18 03:27:23.390338,USA,returning
U00228,2025-10-15 03:27:23.390338,UK,new
U00229,2025-10-11 03:27:23.390338,UK,new
U00230,2025-10-03 03:27:23.390338,Australia,vip
U00231,2025-09-12 03:27:23.390338,Germany,new
U00232,2025-10-28 03:27:23.390338,UK,returning
U00233,2025-10-15 03:27:23.390338,India,new
U00234,2025-10-20 03:27:23.390338,UK,new
U00235,2025-11-01 03:27:23.390338,USA,new
U00236,2025-10-20 03:27:23.390338,Australia,vip
U00237,2025-10-25 03:27:23.390338,Germany,new
U00238,2025-10-04 03:27:23.390338,India,returning
U00239,2025-09-13 03:27:23.390338,India,returning
U00240,2025-09-10 03:27:23.390338,Germany,new
U00241,2025-10-10 03:27:23.390338,USA,returning
U00242,2025-10-24 03:27:23.390338,India,new
U00243,2025-11-02 03:27:23.390338,USA,new
U00244,2025-09-12 03:27:23.390338,Australia,new
U00245,2025-10-22 03:27:23.390338,Australia,new
U00246,2025-10-01 03:27:23.390338,India,new
U00247,2025-10-03 03:27:23.390338,India,new
U00248,2025-10-27 03:27:23.390338,USA,new
U00249,2025-10-08 03:27:23.390338,Germany,new
U00250,2025-10-12 03:27:23.390338,UK,new
U00251,2025-10-14 03:27:23.390338,Germany,returning
U00252,2025-10-20 03:27:23.390338,Germany,new
U00253,2025-11-04 03:27:23.390338,Australia,new
U00254,2025-10-31 03:27:23.390338,USA,returning
U00255,2025-09-22 03:27:23.390338,USA,returning
U00256,2025-10-06 03:27:23.390338,Germany,returning
U00257,2025-09-17 03:27:23.390338,Australia,vip
U00258,2025-09-19 03:27:23.390338,India,new
U00259,2025-10-12 03:27:23.390338,Australia,new
U00260,2025-10-09 03:27:23.390338,Australia,vip
U00261,2025-09-14 03:27:23.390338,India,returning
U00262,2025-10-02 03:27:23.390338,Germany,returning
U00263,2025-10-16 03:27:23.390338,India,new
U00264,2025-10-25 03:27:23.390338,India,new
U00265,2025-09-17 03:27:23.390338,India,new
U00266,2025-09-10 03:27:23.390338,India,new
U00267,2025-10-06 03:27:23.390338,USA,new
U00268,2025-10-16 03:27:23.390338,India,new
U00269,2025-10-03 03:27:23.390338,USA,new
U00270,2025-10-05 03:27:23.390338,USA,returning
U00271,2025-10-11 03:27:23.390338,UK,new
U00272,2025-10-30 03:27:23.390338,USA,new
U00273,2025-10-06 03:27:23.390338,UK,vip
U00274,2025-11-03 03:27:23.390338,India,new
U00275,2025-10-21 03:27:23.390338,India,new
U00276,2025-09-27 03:27:23.390338,Germany,returning
U00277,2025-09-29 03:27:23.390338,UK,vip
U00278,2025-10-02 03:27:23.390338,UK,new
U00279,2025-10-25 03:27:23.390338,UK,new
U00280,2025-09-16 03:27:23.390338,India,vip
U00281,2025-11-03 03:27:23.390338,UK,vip
U00282,2025-10-17 03:27:23.390338,UK,new
U00283,2025-10-28 03:27:23.390338,India,new
U00284,2025-09-12 03:27:23.390338,Germany,new
U00285,2025-10-02 03:27:23.390338,UK,new
U00286,2025-10-10 03:27:23.390338,UK,returning
U00287,2025-09-25 03:27:23.390338,Germany,new
U00288,2025-10-27 03:27:23.390338,USA,returning
U00289,2025-10-03 03:27:23.390338,India,new
U00290,2025-10-06 03:27:23.390338,UK,new
U00291,2025-10-02 03:27:23.390338,USA,new
U00292,2025-10-24 03:27:23.390338,UK,vip
U00293,2025-10-22 03:27:23.390338,Australia,new
U00294,2025-10-13 03:27:23.390338,UK,new
U00295,2025-09-23 03:27:23.390338,USA,new
U00296,2025-10-20 03:27:23.390338,UK,new
U00297,2025-09-16 03:27:23.390338,USA,returning
U00298,2025-10-04 03:27:23.390338,Australia,new
U00299,2025-11-02 03:27:23.390338,Australia,new
U00300,2025-11-01 03:27:23.390338,India,new
U00301,2025-10-28 03:27:23.390338,Germany,returning
U00302,2025-09-19 03:27:23.390338,India,new
U00303,2025-10-14 03:27:23.390338,UK,new
U00304,2025-10-03 03:27:23.390338,USA,new
U00305,2025-09-09 03:27:23.390338,Germany,new
U00306,2025-10-09 03:27:23.390338,Australia,new
U00307,2025-10-05 03:27:23.390338,Australia,new
U00308,2025-09-12 03:27:23.390338,Germany,returning
U00309,2025-10-13 03:27:23.390338,Australia,vip
U00310,2025-09-17 03:27:23.390338,Australia,returning
U00311,2025-10-16 03:27:23.390338,Australia,new
U00312,2025-10-25 03:27:23.390338,India,new
U00313,2025-10-01 03:27:23.390338,Germany,returning
U00314,2025-09-10 03:27:23.390338,India,returning
U00315,2025-11-03 03:27:23.390338,UK,vip
U00316,2025-09-27 03:27:23.390338,India,returning
U00317,2025-10-23 03:27:23.390338,UK,new
U00318,2025-10-20 03:27:23.390338,USA,returning
U00319,2025-10-17 03:27:23.390338,India,vip
U00320,2025-10-30 03:27:23.390338,UK,vip
U00321,2025-10-13 03:27:23.390338,India,new
U00322,2025-09-10 03:27:23.390338,USA,new
U00323,2025-10-27 03:27:23.390338,India,returning
U00324,2025-10-23 03:27:23.390338,Australia,new
U00325,2025-10-01 03:27:23.390338,USA,new
U00326,2025-10-25 03:27:23.390338,USA,new
U00327,2025-09-12 03:27:23.390338,Germany,new
U00328,2025-10-16 03:27:23.390338,USA,new
U00329,2025-10-25 03:27:23.390338,Germany,new
U00330,2025-10-23 03:27:23.390338,India,returning
U00331,2025-09-24 03:27:23.390338,Australia,returning
U00332,2025-09-15 03:27:23.390338,UK,new
U00333,2025-09-20 03:27:23.390338,UK,new
U00334,2025-10-22 03:27:23.390338,Australia,new
U00335,2025-10-16 03:27:23.390338,UK,new
U00336,2025-09-25 03:27:23.390338,Germany,returning
U00337,2025-11-05 03:27:23.390338,USA,returning
U00338,2025-10-22 03:27:23.390338,USA,returning
U00339,2025-11-02 03:27:23.390338,Germany,new
U00340,2025-09-29 03:27:23.390338,USA,new
U00341,2025-10-02 03:27:23.390338,Australia,new
U00342,2025-10-02 03:27:23.390338,India,new
U00343,2025-10-23 03:27:23.390338,USA,new
U00344,2025-10-02 03:27:23.390338,India,new
U00345,2025-09-19 03:27:23.390338,USA,returning
U00346,2025-11-02 03:27:23.390338,UK,returning
U00347,2025-09-18 03:27:23.390338,UK,vip
U00348,2025-11-06 03:27:23.390338,Australia,new
U00349,2025-09-18 03:27:23.390338,UK,returning
U00350,2025-10-08 03:27:23.390338,India,returning
U00351,2025-11-03 03:27:23.390338,USA,returning
U00352,2025-10-12 03:27:23.390338,Germany,vip
U00353,2025-09-13 03:27:23.390338,USA,returning
U00354,2025-09-17 03:27:23.390338,USA,new
U00355,2025-10-28 03:27:23.390338,UK,new
U00356,2025-10-21 03:27:23.390338,USA,new
U00357,2025-11-03 03:27:23.390338,Germany,returning
U00358,2025-10-11 03:27:23.390338,Germany,new
U00359,2025-10-08 03:27:23.390338,UK,vip
U00360,2025-10-06 03:27:23.390338,India,returning
U00361,2025-10-10 03:27:23.390338,UK,new
U00362,2025-09-23 03:27:23.390338,UK,vip
U00363,2025-09-14 03:27:23.390338,Germany,new
U00364,2025-10-18 03:27:23.390338,Australia,returning
U00365,2025-10-08 03:27:23.390338,Australia,returning
U00366,2025-09-13 03:27:23.390338,USA,new
U00367,2025-10-16 03:27:23.390338,USA,returning
U00368,2025-09-28 03:27:23.390338,USA,returning
U00369,2025-10-29 03:27:23.390338,India,new
U00370,2025-09-29 03:27:23.390338,India,returning
U00371,2025-10-25 03:27:23.390338,USA,new
U00372,2025-10-02 03:27:23.390338,UK,new
U00373,2025-11-04 03:27:23.390338,Germany,returning
U00374,2025-09-14 03:27:23.390338,India,new
U00375,2025-09-14 03:27:23.390338,Australia,vip
U00376,2025-10-19 03:27:23.390338,Australia,new
U00377,2025-10-25 03:27:23.390338,Australia,new
U00378,2025-10-31 03:27:23.390338,Germany,returning
U00379,2025-09-24 03:27:23.390338,Germany,new
U00380,2025-09-30 03:27:23.390338,Australia,new
U00381,2025-10-20 03:27:23.390338,UK,new
U00382,2025-09-09 03:27:23.390338,India,returning
U00383,2025-09-15 03:27:23.390338,UK,returning
U00384,2025-10-11 03:27:23.390338,India,new
U00385,2025-10-15 03:27:23.390338,USA,new
U00386,2025-10-27 03:27:23.390338,Germany,returning
U00387,2025-10-03 03:27:23.390338,India,new
U00388,2025-09-15 03:27:23.390338,India,new
U00389,2025-10-19 03:27:23.390338,Germany,returning
U00390,2025-09-19 03:27:23.390338,India,new
U00391,2025-10-16 03:27:23.390338,India,new
U00392,2025-10-19 03:27:23.390338,USA,returning
U00393,2025-10-08 03:27:23.390338,USA,returning
U00394,2025-09-23 03:27:23.390338,Australia,returning
U00395,2025-11-02 03:27:23.390338,USA,returning
U00396,2025-09-26 03:27:23.390338,USA,returning
U00397,2025-09-21 03:27:23.390338,Germany,vip
U00398,2025-10-03 03:27:23.390338,UK,vip
U00399,2025-10-08 03:27:23.390338,Germany,new
U00400,2025-10-08 03:27:23.390338,Australia,new
U00401,2025-09-15 03:27:23.390338,UK,new
U00402,2025-10-03 03:27:23.390338,USA,new
U00403,2025-10-11 03:27:23.390338,USA,new
U00404,2025-10-22 03:27:23.390338,Germany,new
U00405,2025-10-08 03:27:23.390338,USA,new
U00406,2025-09-24 03:27:23.390338,Germany,returning
U00407,2025-10-22 03:27:23.390338,USA,vip
U00408,2025-09-17 03:27:23.390338,Australia,new
U00409,2025-09-20 03:27:23.390338,UK,new
U00410,2025-10-13 03:27:23.390338,Germany,new
U00411,2025-10-02 03:27:23.390338,USA,returning
U00412,2025-10-31 03:27:23.390338,Germany,new
U00413,2025-10-09 03:27:23.390338,India,new
U00414,2025-09-25 03:27:23.390338,India,new
U00415,2025-09-09 03:27:23.390338,India,new
U00416,2025-10-31 03:27:23.390338,UK,new
U00417,2025-10-30 03:27:23.390338,India,new
U00418,2025-10-11 03:27:23.390338,Australia,new
U00419,2025-09-14 03:27:23.390338,Germany,new
U00420,2025-11-05 03:27:23.390338,India,new
U00421,2025-10-19 03:27:23.390338,USA,vip
U00422,2025-09-22 03:27:23.390338,UK,new
U00423,2025-10-23 03:27:23.390338,India,new
U00424,2025-10-08 03:27:23.390338,UK,returning
U00425,2025-09-30 03:27:23.390338,USA,returning
U00426,2025-10-30 03:27:23.390338,India,returning
U00427,2025-09-18 03:27:23.390338,USA,new
U00428,2025-11-07 03:27:23.390338,UK,returning
U00429,2025-09-25 03:27:23.390338,UK,new
U00430,2025-10-22 03:27:23.390338,USA,returning
U00431,2025-11-05 03:27:23.390338,Australia,new
U00432,2025-09-10 03:27:23.390338,India,new
U00433,2025-09-22 03:27:23.390338,UK,new
U00434,2025-09-23 03:27:23.390338,India,new
U00435,2025-09-21 03:27:23.390338,UK,new
U00436,2025-11-07 03:27:23.390338,Germany,returning
U00437,2025-10-27 03:27:23.390338,UK,new
U00438,2025-09-24 03:27:23.390338,India,new
U00439,2025-10-03 03:27:23.390338,Australia,returning
U00440,2025-11-01 03:27:23.390338,Germany,new
U00441,2025-09-23 03:27:23.390338,Australia,returning
U00442,2025-10-25 03:27:23.390338,Australia,new
U00443,2025-09-19 03:27:23.390338,India,new
U00444,2025-09-17 03:27:23.390338,India,returning
U00445,2025-10-31 03:27:23.390338,UK,new
U00446,2025-11-03 03:27:23.390338,USA,new
U00447,2025-09-11 03:27:23.390338,UK,new
U00448,2025-10-11 03:27:23.390338,Australia,vip
U00449,2025-10-29 03:27:23.390338,USA,vip
U00450,2025-10-27 03:27:23.390338,Germany,new
U00451,2025-09-12 03:27:23.390338,Germany,new
U00452,2025-10-19 03:27:23.390338,UK,new
U00453,2025-10-02 03:27:23.390338,Germany,new
U00454,2025-09-13 03:27:23.390338,USA,vip
U00455,2025-09-14 03:27:23.390338,Germany,new
U00456,2025-10-22 03:27:23.390338,Germany,returning
U00457,2025-10-27 03:27:23.390338,USA,new
U00458,2025-11-02 03:27:23.390338,Australia,vip
U00459,2025-11-02 03:27:23.390338,India,new
U00460,2025-11-03 03:27:23.390338,Germany,new
U00461,2025-10-04 03:27:23.390338,Germany,new
U00462,2025-10-06 03:27:23.390338,UK,returning
U00463,2025-09-22 03:27:23.390338,UK,new
U00464,2025-09-14 03:27:23.390338,UK,new
U00465,2025-09-22 03:27:23.390338,Germany,returning
U00466,2025-09-24 03:27:23.390338,Australia,vip
U00467,2025-09-30 03:27:23.390338,USA,vip
U00468,2025-10-06 03:27:23.390338,USA,new
U00469,2025-10-26 03:27:23.390338,UK,new
U00470,2025-10-17 03:27:23.390338,USA,new
U00471,2025-09-18 03:27:23.390338,UK,returning
U00472,2025-10-05 03:27:23.390338,Australia,vip
U00473,2025-09-28 03:27:23.390338,India,vip
U00474,2025-09-21 03:27:23.390338,Germany,new
U00475,2025-10-25 03:27:23.390338,India,new
U00476,2025-11-05 03:27:23.390338,Germany,new
U00477,2025-10-08 03:27:23.390338,India,new
U00478,2025-11-01 03:27:23.390338,UK,vip
U00479,2025-10-20 03:27:23.390338,India,new
U00480,2025-10-27 03:27:23.390338,India,returning
U00481,2025-10-24 03:27:23.390338,Australia,new
U00482,2025-11-07 03:27:23.390338,Germany,new
U00483,2025-11-07 03:27:23.390338,Germany,new
U00484,2025-09-14 03:27:23.390338,USA,new
U00485,2025-09-12 03:27:23.390338,USA,new
U00486,2025-10-10 03:27:23.390338,UK,new
U00487,2025-09-13 03:27:23.390338,Germany,returning
U00488,2025-10-15 03:27:23.390338,India,new
U00489,2025-09-22 03:27:23.390338,UK,returning
U00490,2025-09-23 03:27:23.390338,Germany,new
U00491,2025-09-12 03:27:23.390338,Australia,new
U00492,2025-10-12 03:27:23.390338,Australia,returning
U00493,2025-10-01 03:27:23.390338,UK,new
U00494,2025-10-06 03:27:23.390338,Australia,new
U00495,2025-09-27 03:27:23.390338,Germany,new
U00496,2025-10-10 03:27:23.390338,India,new
U00497,2025-10-19 03:27:23.390338,USA,returning
U00498,2025-09-27 03:27:23.390338,UK,new
U00499,2025-10-28 03:27:23.390338,India,new
U00500,2025-11-04 03:27:23.390338,Germany,returning
U00501,2025-09-25 03:27:23.390338,UK,vip
U00502,2025-09-19 03:27:23.390338,UK,vip
U00503,2025-09-12 03:27:23.390338,India,returning
U00504,2025-09-20 03:27:23.390338,USA,new
U00505,2025-10-31 03:27:23.390338,UK,new
U00506,2025-10-05 03:27:23.390338,USA,vip
U00507,2025-10-19 03:27:23.390338,UK,new
U00508,2025-09-10 03:27:23.390338,Australia,vip
U00509,2025-10-31 03:27:23.390338,India,new
U00510,2025-09-22 03:27:23.390338,USA,new
U00511,2025-10-15 03:27:23.390338,USA,returning
U00512,2025-10-29 03:27:23.390338,USA,returning
U00513,2025-10-27 03:27:23.390338,USA,returning
U00514,2025-11-01 03:27:23.390338,USA,new
U00515,2025-10-13 03:27:23.390338,USA,new
U00516,2025-10-19 03:27:23.390338,UK,returning
U00517,2025-10-25 03:27:23.390338,USA,returning
U00518,2025-10-31 03:27:23.390338,Australia,vip
U00519,2025-10-02 03:27:23.390338,India,new
U00520,2025-10-29 03:27:23.390338,Australia,new
U00521,2025-10-06 03:27:23.390338,USA,new
U00522,2025-09-27 03:27:23.390338,Australia,new
U00523,2025-09-13 03:27:23.390338,India,new
U00524,2025-10-04 03:27:23.390338,Australia,returning
U00525,2025-09-10 03:27:23.390338,Australia,new
U00526,2025-10-24 03:27:23.390338,USA,new
U00527,2025-10-21 03:27:23.390338,India,new
U00528,2025-10-26 03:27:23.390338,UK,new
U00529,2025-09-24 03:27:23.390338,India,new
U00530,2025-10-31 03:27:23.390338,India,new
U00531,2025-09-20 03:27:23.390338,Germany,new
U00532,2025-10-04 03:27:23.390338,UK,vip
U00533,2025-09-29 03:27:23.390338,Australia,returning
U00534,2025-10-18 03:27:23.390338,USA,returning
U00535,2025-09-19 03:27:23.390338,UK,vip
U00536,2025-09-11 03:27:23.390338,Australia,new
U00537,2025-09-20 03:27:23.390338,India,returning
U00538,2025-10-19 03:27:23.390338,Germany,returning
U00539,2025-10-04 03:27:23.390338,UK,vip
U00540,2025-09-29 03:27:23.390338,UK,returning
U00541,2025-10-17 03:27:23.390338,UK,new
U00542,2025-09-27 03:27:23.390338,USA,new
U00543,2025-09-14 03:27:23.390338,USA,new
U00544,2025-09-23 03:27:23.390338,UK,new
U00545,2025-10-30 03:27:23.390338,Australia,new
U00546,2025-09-30 03:27:23.390338,Australia,new
U00547,2025-10-07 03:27:23.390338,USA,vip
U00548,2025-09-13 03:27:23.390338,Germany,new
U00549,2025-10-25 03:27:23.390338,Germany,returning
U00550,2025-09-21 03:27:23.390338,Australia,new
U00551,2025-09-28 03:27:23.390338,Australia,new
U00552,2025-10-19 03:27:23.390338,Germany,new
U00553,2025-09-18 03:27:23.390338,Germany,new
U00554,2025-10-24 03:27:23.390338,Germany,new
U00555,2025-09-21 03:27:23.390338,Germany,returning
U00556,2025-10-12 03:27:23.390338,Australia,new
U00557,2025-09-27 03:27:23.390338,India,returning
U00558,2025-11-04 03:27:23.390338,India,new
U00559,2025-10-06 03:27:23.390338,USA,vip
U00560,2025-10-26 03:27:23.390338,Germany,returning
U00561,2025-10-13 03:27:23.390338,UK,returning
U00562,2025-10-14 03:27:23.390338,India,new
U00563,2025-10-21 03:27:23.390338,UK,returning
U00564,2025-10-19 03:27:23.390338,Germany,new
U00565,2025-09-29 03:27:23.390338,India,returning
U00566,2025-09-14 03:27:23.390338,USA,new
U00567,2025-10-23 03:27:23.390338,Australia,new
U00568,2025-09-20 03:27:23.390338,India,returning
U00569,2025-10-21 03:27:23.390338,UK,returning
U00570,2025-09-29 03:27:23.390338,UK,returning
U00571,2025-10-13 03:27:23.390338,India,new
U00572,2025-10-27 03:27:23.390338,UK,new
U00573,2025-10-31 03:27:23.390338,UK,new
U00574,2025-09-26 03:27:23.390338,UK,new
U00575,2025-10-07 03:27:23.390338,India,new
U00576,2025-11-06 03:27:23.390338,India,vip
U00577,2025-11-07 03:27:23.390338,USA,new
U00578,2025-09-12 03:27:23.390338,Germany,new
U00579,2025-10-09 03:27:23.390338,Australia,new
U00580,2025-09-22 03:27:23.390338,India,new
U00581,2025-09-22 03:27:23.390338,Germany,new
U00582,2025-10-29 03:27:23.390338,Germany,new
U00583,2025-09-10 03:27:23.390338,Germany,new
U00584,2025-10-11 03:27:23.390338,Germany,new
U00585,2025-10-12 03:27:23.390338,Germany,new
U00586,2025-09-14 03:27:23.390338,USA,new
U00587,2025-10-09 03:27:23.390338,Australia,new
U00588,2025-09-30 03:27:23.390338,USA,returning
U00589,2025-10-03 03:27:23.390338,USA,new
U00590,2025-10-17 03:27:23.390338,USA,new
U00591,2025-11-06 03:27:23.390338,India,returning
U00592,2025-10-27 03:27:23.390338,Australia,new
U00593,2025-10-19 03:27:23.390338,India,new
U00594,2025-09-24 03:27:23.390338,USA,new
U00595,2025-09-15 03:27:23.390338,USA,new
U00596,2025-10-16 03:27:23.390338,UK,new
U00597,2025-09-10 03:27:23.390338,Germany,returning
U00598,2025-09-11 03:27:23.390338,Germany,new
U00599,2025-10-08 03:27:23.390338,UK,returning
U00600,2025-11-07 03:27:23.390338,India,returning
U00601,2025-11-02 03:27:23.390338,Australia,returning
U00602,2025-09-26 03:27:23.390338,USA,returning
U00603,2025-10-15 03:27:23.390338,UK,new
U00604,2025-10-12 03:27:23.390338,Germany,new
U00605,2025-11-04 03:27:23.390338,Germany,new
U00606,2025-10-26 03:27:23.390338,India,vip
U00607,2025-11-05 03:27:23.390338,Germany,new
U00608,2025-10-05 03:27:23.390338,Australia,new
U00609,2025-09-17 03:27:23.390338,Australia,new
U00610,2025-09-21 03:27:23.390338,UK,new
U00611,2025-10-10 03:27:23.390338,UK,new
U00612,2025-09-20 03:27:23.390338,India,new
U00613,2025-10-01 03:27:23.390338,Australia,vip
U00614,2025-10-11 03:27:23.390338,UK,returning
U00615,2025-10-18 03:27:23.390338,UK,vip
U00616,2025-09-20 03:27:23.390338,India,returning
U00617,2025-11-04 03:27:23.390338,India,returning
U00618,2025-10-13 03:27:23.390338,USA,new
U00619,2025-10-21 03:27:23.390338,Australia,new
U00620,2025-11-07 03:27:23.390338,UK,vip
U00621,2025-10-03 03:27:23.390338,Germany,new
U00622,2025-10-11 03:27:23.390338,Australia,returning
U00623,2025-10-29 03:27:23.390338,Australia,new
U00624,2025-10-30 03:27:23.390338,India,new
U00625,2025-09-19 03:27:23.390338,UK,new
U00626,2025-10-19 03:27:23.390338,Germany,new
U00627,2025-09-29 03:27:23.390338,Australia,new
U00628,2025-11-01 03:27:23.390338,Germany,new
U00629,2025-09-11 03:27:23.390338,Germany,new
U00630,2025-10-24 03:27:23.390338,Australia,new
U00631,2025-09-15 03:27:23.390338,Australia,new
U00632,2025-09-17 03:27:23.390338,Australia,new
U00633,2025-10-20 03:27:23.390338,USA,new
U00634,2025-10-19 03:27:23.390338,Australia,new
U00635,2025-10-12 03:27:23.390338,Germany,returning
U00636,2025-10-16 03:27:23.390338,Australia,returning
U00637,2025-10-14 03:27:23.390338,UK,vip
U00638,2025-11-05 03:27:23.390338,Australia,new
U00639,2025-10-01 03:27:23.390338,Germany,returning
U00640,2025-10-10 03:27:23.390338,India,new
U00641,2025-10-02 03:27:23.390338,USA,returning
U00642,2025-10-23 03:27:23.390338,Germany,new
U00643,2025-10-18 03:27:23.390338,Germany,new
U00644,2025-09-29 03:27:23.390338,Germany,new
U00645,2025-10-21 03:27:23.390338,USA,new
U00646,2025-09-22 03:27:23.390338,USA,vip
U00647,2025-10-08 03:27:23.390338,Australia,new
U00648,2025-09-27 03:27:23.390338,USA,returning
U00649,2025-10-22 03:27:23.390338,India,new
U00650,2025-10-29 03:27:23.390338,Germany,returning
U00651,2025-09-11 03:27:23.390338,Germany,new
U00652,2025-10-18 03:27:23.390338,India,returning
U00653,2025-10-13 03:27:23.390338,Germany,new
U00654,2025-09-27 03:27:23.390338,UK,returning
U00655,2025-10-25 03:27:23.390338,USA,returning
U00656,2025-10-16 03:27:23.390338,USA,new
U00657,2025-09-26 03:27:23.390338,Australia,new
U00658,2025-09-21 03:27:23.390338,Germany,returning
U00659,2025-11-02 03:27:23.390338,Germany,new
U00660,2025-11-02 03:27:23.390338,USA,new
U00661,2025-09-10 03:27:23.390338,UK,returning
U00662,2025-09-20 03:27:23.390338,India,new
U00663,2025-09-26 03:27:23.390338,Germany,new
U00664,2025-10-27 03:27:23.390338,UK,new
U00665,2025-10-08 03:27:23.390338,Germany,vip
U00666,2025-10-12 03:27:23.390338,USA,new
U00667,2025-09-28 03:27:23.390338,USA,new
U00668,2025-10-16 03:27:23.390338,Germany,returning
U00669,2025-11-04 03:27:23.390338,India,new
U00670,2025-10-20 03:27:23.390338,UK,new
U00671,2025-10-30 03:27:23.390338,UK,vip
U00672,2025-10-28 03:27:23.390338,UK,new
U00673,2025-09-18 03:27:23.390338,Australia,vip
U00674,2025-10-23 03:27:23.390338,USA,new
U00675,2025-10-15 03:27:23.390338,UK,vip
U00676,2025-10-08 03:27:23.390338,UK,new
U00677,2025-09-20 03:27:23.390338,India,vip
U00678,2025-11-07 03:27:23.390338,Germany,new
U00679,2025-09-21 03:27:23.390338,USA,returning
U00680,2025-09-22 03:27:23.390338,UK,new
U00681,2025-11-03 03:27:23.390338,India,new
U00682,2025-09-20 03:27:23.390338,UK,new
U00683,2025-10-20 03:27:23.390338,India,new
U00684,2025-10-15 03:27:23.390338,Germany,new
U00685,2025-11-06 03:27:23.390338,Germany,new
U00686,2025-10-12 03:27:23.390338,Germany,returning
U00687,2025-09-27 03:27:23.390338,Germany,new
U00688,2025-10-12 03:27:23.390338,Australia,new
U00689,2025-09-21 03:27:23.390338,UK,new
U00690,2025-10-30 03:27:23.390338,USA,vip
U00691,2025-10-19 03:27:23.390338,UK,returning
U00692,2025-10-26 03:27:23.390338,USA,new
U00693,2025-10-25 03:27:23.390338,Germany,returning
U00694,2025-10-17 03:27:23.390338,UK,new
U00695,2025-09-16 03:27:23.390338,India,returning
U00696,2025-09-28 03:27:23.390338,USA,vip
U00697,2025-10-25 03:27:23.390338,UK,returning
U00698,2025-09-15 03:27:23.390338,Australia,new
U00699,2025-10-13 03:27:23.390338,UK,new
U00700,2025-10-05 03:27:23.390338,India,returning
U00701,2025-09-21 03:27:23.390338,Australia,new
U00702,2025-09-30 03:27:23.390338,India,new
U00703,2025-10-25 03:27:23.390338,India,returning
U00704,2025-10-24 03:27:23.390338,Australia,new
U00705,2025-10-20 03:27:23.390338,USA,new
U00706,2025-11-03 03:27:23.390338,India,returning
U00707,2025-10-12 03:27:23.390338,Australia,new
U00708,2025-10-02 03:27:23.390338,UK,new
U00709,2025-09-21 03:27:23.390338,India,new
U00710,2025-10-22 03:27:23.390338,USA,new
U00711,2025-09-23 03:27:23.390338,India,new
U00712,2025-09-20 03:27:23.390338,Germany,new
U00713,2025-10-23 03:27:23.390338,UK,new
U00714,2025-09-15 03:27:23.390338,India,vip
U00715,2025-10-30 03:27:23.390338,Australia,returning
U00716,2025-09-21 03:27:23.390338,Germany,new
U00717,2025-11-05 03:27:23.390338,Australia,returning
U00718,2025-09-14 03:27:23.390338,USA,returning
U00719,2025-10-17 03:27:23.390338,Germany,new
U00720,2025-10-07 03:27:23.390338,UK,returning
U00721,2025-09-23 03:27:23.390338,UK,new
U00722,2025-10-24 03:27:23.390338,Australia,returning
U00723,2025-09-28 03:27:23.390338,USA,returning
U00724,2025-09-13 03:27:23.390338,USA,new
U00725,2025-10-16 03:27:23.390338,Germany,returning
U00726,2025-10-26 03:27:23.390338,Germany,new
U00727,2025-10-24 03:27:23.390338,USA,new
U00728,2025-10-24 03:27:23.390338,Germany,new
U00729,2025-10-23 03:27:23.390338,USA,new
U00730,2025-10-15 03:27:23.390338,UK,new
U00731,2025-09-30 03:27:23.390338,Germany,new
U00732,2025-11-02 03:27:23.390338,Australia,returning
U00733,2025-10-19 03:27:23.390338,Australia,vip
U00734,2025-09-26 03:27:23.390338,UK,new
U00735,2025-10-31 03:27:23.390338,USA,new
U00736,2025-10-30 03:27:23.390338,USA,returning
U00737,2025-09-17 03:27:23.390338,UK,new
U00738,2025-10-27 03:27:23.390338,Australia,new
U00739,2025-09-19 03:27:23.390338,India,returning
U00740,2025-10-10 03:27:23.390338,USA,returning
U00741,2025-11-03 03:27:23.390338,Australia,returning
U00742,2025-11-04 03:27:23.390338,UK,new
U00743,2025-10-29 03:27:23.390338,Germany,new
U00744,2025-10-31 03:27:23.390338,India,new
U00745,2025-10-26 03:27:23.390338,USA,vip
U00746,2025-09-17 03:27:23.390338,Australia,returning
U00747,2025-10-01 03:27:23.390338,Germany,new
U00748,2025-11-02 03:27:23.390338,USA,new
U00749,2025-11-02 03:27:23.390338,India,new
U00750,2025-09-09 03:27:23.390338,UK,vip
U00751,2025-10-20 03:27:23.390338,Germany,new
U00752,2025-09-12 03:27:23.390338,UK,new
U00753,2025-10-14 03:27:23.390338,Australia,returning
U00754,2025-09-20 03:27:23.390338,Australia,new
U00755,2025-10-07 03:27:23.390338,UK,returning
U00756,2025-10-09 03:27:23.390338,Australia,new
U00757,2025-10-18 03:27:23.390338,Germany,new
U00758,2025-11-06 03:27:23.390338,India,vip
U00759,2025-09-15 03:27:23.390338,Australia,new
U00760,2025-11-06 03:27:23.390338,UK,vip
U00761,2025-11-07 03:27:23.390338,UK,new
U00762,2025-09-27 03:27:23.390338,India,new
U00763,2025-10-18 03:27:23.390338,Germany,new
U00764,2025-10-06 03:27:23.390338,India,vip
U00765,2025-10-26 03:27:23.390338,India,new
U00766,2025-09-24 03:27:23.390338,USA,returning
U00767,2025-10-07 03:27:23.390338,Australia,new
U00768,2025-11-04 03:27:23.390338,Germany,new
U00769,2025-09-20 03:27:23.390338,USA,returning
U00770,2025-09-25 03:27:23.390338,India,new
U00771,2025-09-27 03:27:23.390338,USA,new
U00772,2025-10-02 03:27:23.390338,Germany,new
U00773,2025-09-11 03:27:23.390338,Germany,returning
U00774,2025-09-12 03:27:23.390338,UK,new
U00775,2025-10-01 03:27:23.390338,UK,new
U00776,2025-09-16 03:27:23.390338,USA,new
U00777,2025-09-18 03:27:23.390338,USA,returning
U00778,2025-09-20 03:27:23.390338,UK,vip
U00779,2025-11-01 03:27:23.390338,Australia,new
U00780,2025-10-24 03:27:23.390338,Australia,returning
U00781,2025-09-28 03:27:23.390338,India,new
U00782,2025-10-10 03:27:23.390338,Germany,new
U00783,2025-09-30 03:27:23.390338,USA,new
U00784,2025-09-25 03:27:23.390338,India,returning
U00785,2025-10-27 03:27:23.390338,India,new
U00786,2025-10-25 03:27:23.390338,USA,new
U00787,2025-09-10 03:27:23.390338,UK,new
U00788,2025-10-03 03:27:23.390338,USA,returning
U00789,2025-10-16 03:27:23.390338,USA,new
U00790,2025-09-28 03:27:23.390338,UK,vip
U00791,2025-10-11 03:27:23.390338,Germany,new
U00792,2025-09-09 03:27:23.390338,India,new
U00793,2025-10-10 03:27:23.390338,UK,new
U00794,2025-11-03 03:27:23.390338,Australia,new
U00795,2025-10-24 03:27:23.390338,USA,new
U00796,2025-11-03 03:27:23.390338,USA,new
U00797,2025-10-20 03:27:23.390338,India,new
U00798,2025-09-12 03:27:23.390338,Germany,new
U00799,2025-10-12 03:27:23.390338,India,returning
U00800,2025-09-27 03:27:23.390338,Germany,new
U00801,2025-10-12 03:27:23.390338,UK,returning
U00802,2025-09-12 03:27:23.390338,Australia,vip
U00803,2025-10-08 03:27:23.390338,UK,new
U00804,2025-10-21 03:27:23.390338,Australia,new
U00805,2025-10-04 03:27:23.390338,Australia,new
U00806,2025-09-28 03:27:23.390338,USA,new
U00807,2025-10-21 03:27:23.390338,Germany,returning
U00808,2025-10-22 03:27:23.390338,Germany,new
U00809,2025-11-06 03:27:23.390338,Germany,new
U00810,2025-10-21 03:27:23.390338,Australia,vip
U00811,2025-09-26 03:27:23.390338,India,new
U00812,2025-10-31 03:27:23.390338,India,new
U00813,2025-10-18 03:27:23.390338,Australia,new
U00814,2025-11-03 03:27:23.390338,Germany,new
U00815,2025-09-14 03:27:23.390338,UK,returning
U00816,2025-09-20 03:27:23.390338,UK,new
U00817,2025-10-30 03:27:23.390338,Germany,vip
U00818,2025-11-02 03:27:23.390338,USA,new
U00819,2025-10-22 03:27:23.390338,UK,new
U00820,2025-11-07 03:27:23.390338,UK,returning
U00821,2025-10-04 03:27:23.390338,USA,returning
U00822,2025-09-20 03:27:23.390338,Australia,returning
U00823,2025-10-19 03:27:23.390338,UK,returning
U00824,2025-11-07 03:27:23.390338,UK,returning
U00825,2025-09-19 03:27:23.390338,UK,returning
U00826,2025-11-02 03:27:23.390338,Australia,returning
U00827,2025-09-18 03:27:23.390338,USA,new
U00828,2025-09-16 03:27:23.390338,USA,new
U00829,2025-09-22 03:27:23.390338,Germany,returning
U00830,2025-11-06 03:27:23.390338,UK,returning
U00831,2025-10-13 03:27:23.390338,India,new
U00832,2025-10-04 03:27:23.390338,Germany,vip
U00833,2025-09-12 03:27:23.390338,UK,new
U00834,2025-10-03 03:27:23.390338,India,new
U00835,2025-11-02 03:27:23.390338,Australia,vip
U00836,2025-09-16 03:27:23.390338,USA,returning
U00837,2025-09-23 03:27:23.390338,Australia,new
U00838,2025-09-14 03:27:23.390338,Germany,returning
U00839,2025-10-09 03:27:23.390338,Australia,new
U00840,2025-10-07 03:27:23.390338,Australia,returning
U00841,2025-09-10 03:27:23.390338,USA,returning
U00842,2025-10-06 03:27:23.390338,USA,new
U00843,2025-10-28 03:27:23.390338,UK,returning
U00844,2025-11-02 03:27:23.390338,India,new
U00845,2025-10-11 03:27:23.390338,Australia,new
U00846,2025-10-20 03:27:23.390338,Australia,new
U00847,2025-09-13 03:27:23.390338,Germany,new
U00848,2025-10-13 03:27:23.390338,India,vip
U00849,2025-09-27 03:27:23.390338,India,new
U00850,2025-09-24 03:27:23.390338,India,new
U00851,2025-10-08 03:27:23.390338,Australia,returning
U00852,2025-10-16 03:27:23.390338,UK,new
U00853,2025-10-30 03:27:23.390338,USA,new
U00854,2025-09-14 03:27:23.390338,Australia,vip
U00855,2025-10-14 03:27:23.390338,UK,vip
U00856,2025-09-28 03:27:23.390338,Australia,returning
U00857,2025-09-29 03:27:23.390338,UK,new
U00858,2025-11-07 03:27:23.390338,USA,new
U00859,2025-10-21 03:27:23.390338,Germany,vip
U00860,2025-10-25 03:27:23.390338,USA,new
U00861,2025-10-01 03:27:23.390338,USA,returning
U00862,2025-10-04 03:27:23.390338,Germany,vip
U00863,2025-09-28 03:27:23.390338,Germany,new
U00864,2025-10-16 03:27:23.390338,USA,returning
U00865,2025-09-09 03:27:23.390338,USA,new
U00866,2025-09-13 03:27:23.390338,UK,new
U00867,2025-10-04 03:27:23.390338,USA,returning
U00868,2025-10-25 03:27:23.390338,UK,new
U00869,2025-10-03 03:27:23.390338,Germany,new
U00870,2025-09-18 03:27:23.390338,USA,returning
U00871,2025-11-06 03:27:23.390338,UK,returning
U00872,2025-10-05 03:27:23.390338,USA,new
U00873,2025-09-13 03:27:23.390338,UK,new
U00874,2025-09-30 03:27:23.390338,India,new
U00875,2025-10-27 03:27:23.390338,India,returning
U00876,2025-10-15 03:27:23.390338,Germany,new
U00877,2025-10-15 03:27:23.390338,Germany,new
U00878,2025-10-17 03:27:23.390338,Australia,vip
U00879,2025-09-11 03:27:23.390338,Australia,new
U00880,2025-09-26 03:27:23.390338,USA,returning
U00881,2025-10-26 03:27:23.390338,USA,new
U00882,2025-11-03 03:27:23.390338,India,new
U00883,2025-10-18 03:27:23.390338,USA,returning
U00884,2025-09-20 03:27:23.390338,UK,new
U00885,2025-10-08 03:27:23.390338,Australia,returning
U00886,2025-09-23 03:27:23.390338,Germany,vip
U00887,2025-09-14 03:27:23.390338,India,new
U00888,2025-09-11 03:27:23.390338,USA,new
U00889,2025-10-29 03:27:23.390338,India,returning
U00890,2025-10-01 03:27:23.390338,Australia,new
U00891,2025-10-05 03:27:23.390338,India,returning
U00892,2025-10-16 03:27:23.390338,Australia,returning
U00893,2025-09-18 03:27:23.390338,USA,returning
U00894,2025-09-15 03:27:23.390338,India,new
U00895,2025-10-09 03:27:23.390338,USA,returning
U00896,2025-10-11 03:27:23.390338,UK,new
U00897,2025-11-05 03:27:23.390338,India,new
U00898,2025-09-14 03:27:23.390338,USA,vip
U00899,2025-11-02 03:27:23.390338,USA,vip
U00900,2025-10-10 03:27:23.390338,Australia,returning
U00901,2025-09-09 03:27:23.390338,Australia,returning
U00902,2025-09-25 03:27:23.390338,UK,new
U00903,2025-10-06 03:27:23.390338,UK,vip
U00904,2025-09-24 03:27:23.390338,India,returning
U00905,2025-10-09 03:27:23.390338,Australia,vip
U00906,2025-09-24 03:27:23.390338,India,new
U00907,2025-09-14 03:27:23.390338,Australia,new
U00908,2025-09-25 03:27:23.390338,UK,new
U00909,2025-09-15 03:27:23.390338,UK,new
U00910,2025-11-03 03:27:23.390338,USA,new
U00911,2025-10-28 03:27:23.390338,UK,vip
U00912,2025-10-13 03:27:23.390338,USA,new
U00913,2025-11-01 03:27:23.390338,Germany,returning
U00914,2025-09-13 03:27:23.390338,Germany,new
U00915,2025-10-06 03:27:23.390338,India,returning
U00916,2025-09-19 03:27:23.390338,India,returning
U00917,2025-11-04 03:27:23.390338,India,returning
U00918,2025-09-15 03:27:23.390338,Australia,returning
U00919,2025-10-01 03:27:23.390338,Germany,returning
U00920,2025-09-24 03:27:23.390338,USA,new
U00921,2025-10-16 03:27:23.390338,UK,new
U00922,2025-09-22 03:27:23.390338,USA,new
U00923,2025-10-15 03:27:23.390338,Australia,new
U00924,2025-10-18 03:27:23.390338,India,new
U00925,2025-11-04 03:27:23.390338,USA,vip
U00926,2025-10-27 03:27:23.390338,Germany,new
U00927,2025-09-12 03:27:23.390338,Germany,new
U00928,2025-10-11 03:27:23.390338,Australia,new
U00929,2025-10-28 03:27:23.390338,Germany,new
U00930,2025-10-02 03:27:23.390338,UK,new
U00931,2025-11-05 03:27:23.390338,Australia,new
U00932,2025-10-19 03:27:23.390338,Australia,new
U00933,2025-09-14 03:27:23.390338,Australia,new
U00934,2025-11-04 03:27:23.390338,UK,returning
U00935,2025-10-26 03:27:23.390338,USA,new
U00936,2025-09-21 03:27:23.390338,Australia,new
U00937,2025-09-21 03:27:23.390338,UK,returning
U00938,2025-10-04 03:27:23.390338,Australia,new
U00939,2025-09-17 03:27:23.390338,Australia,new
U00940,2025-10-27 03:27:23.390338,Germany,new
U00941,2025-10-25 03:27:23.390338,Australia,new
U00942,2025-09-14 03:27:23.390338,UK,new
U00943,2025-10-28 03:27:23.390338,UK,returning
U00944,2025-10-11 03:27:23.390338,UK,vip
U00945,2025-10-26 03:27:23.390338,India,new
U00946,2025-09-17 03:27:23.390338,UK,new
U00947,2025-10-30 03:27:23.390338,Australia,returning
U00948,2025-10-30 03:27:23.390338,India,returning
U00949,2025-09-19 03:27:23.390338,USA,new
U00950,2025-10-15 03:27:23.390338,Germany,new
U00951,2025-10-23 03:27:23.390338,Germany,new
U00952,2025-10-14 03:27:23.390338,India,new
U00953,2025-10-09 03:27:23.390338,Germany,new
U00954,2025-09-11 03:27:23.390338,USA,new
U00955,2025-11-01 03:27:23.390338,India,returning
U00956,2025-10-12 03:27:23.390338,UK,new
U00957,2025-10-04 03:27:23.390338,India,new
U00958,2025-10-28 03:27:23.390338,Germany,new
U00959,2025-09-15 03:27:23.390338,Australia,returning
U00960,2025-11-04 03:27:23.390338,India,vip
U00961,2025-09-29 03:27:23.390338,Australia,returning
U00962,2025-10-15 03:27:23.390338,USA,new
U00963,2025-10-09 03:27:23.390338,Australia,new
U00964,2025-10-18 03:27:23.390338,USA,vip
U00965,2025-09-29 03:27:23.390338,Australia,new
U00966,2025-10-24 03:27:23.390338,UK,returning
U00967,2025-09-13 03:27:23.390338,Germany,new
U00968,2025-10-06 03:27:23.390338,Australia,returning
U00969,2025-10-19 03:27:23.390338,USA,new
U00970,2025-09-09 03:27:23.390338,Germany,returning
U00971,2025-11-04 03:27:23.390338,Germany,returning
U00972,2025-10-18 03:27:23.390338,India,returning
U00973,2025-10-17 03:27:23.390338,UK,returning
U00974,2025-09-15 03:27:23.390338,UK,new
U00975,2025-10-22 03:27:23.390338,Germany,new
U00976,2025-09-18 03:27:23.390338,Australia,returning
U00977,2025-10-17 03:27:23.390338,India,returning
U00978,2025-10-16 03:27:23.390338,USA,new
U00979,2025-10-30 03:27:23.390338,USA,vip
U00980,2025-10-21 03:27:23.390338,Germany,vip
U00981,2025-09-25 03:27:23.390338,Germany,vip
U00982,2025-09-29 03:27:23.390338,India,new
U00983,2025-09-14 03:27:23.390338,Germany,new
U00984,2025-10-11 03:27:23.390338,UK,new
U00985,2025-10-29 03:27:23.390338,Germany,returning
U00986,2025-09-24 03:27:23.390338,India,new
U00987,2025-09-14 03:27:23.390338,Australia,new
U00988,2025-09-15 03:27:23.390338,UK,vip
U00989,2025-10-04 03:27:23.390338,USA,returning
U00990,2025-10-16 03:27:23.390338,USA,new
U00991,2025-10-18 03:27:23.390338,Germany,new
U00992,2025-10-22 03:27:23.390338,India,returning
U00993,2025-10-16 03:27:23.390338,Australia,new
U00994,2025-09-25 03:27:23.390338,UK,new
U00995,2025-10-16 03:27:23.390338,Germany,vip
U00996,2025-09-11 03:27:23.390338,UK,new
U00997,2025-11-07 03:27:23.390338,USA,returning
U00998,2025-09-13 03:27:23.390338,Germany,returning
U00999,2025-10-09 03:27:23.390338,UK,vip
U01000,2025-09-09 03:27:23.390338,Australia,returning
U01001,2025-09-27 03:27:23.390338,India,new
U01002,2025-09-12 03:27:23.390338,Germany,returning
U01003,2025-10-01 03:27:23.390338,UK,new
U01004,2025-09-27 03:27:23.390338,UK,vip
U01005,2025-09-11 03:27:23.390338,UK,new
U01006,2025-10-15 03:27:23.390338,USA,new
U01007,2025-10-08 03:27:23.390338,USA,returning
U01008,2025-10-22 03:27:23.390338,India,new
U01009,2025-10-22 03:27:23.390338,India,new
U01010,2025-09-28 03:27:23.390338,Australia,returning
U01011,2025-10-06 03:27:23.390338,Germany,returning
U01012,2025-10-18 03:27:23.390338,India,returning
U01013,2025-10-26 03:27:23.390338,USA,new
U01014,2025-09-10 03:27:23.390338,Germany,new
U01015,2025-10-08 03:27:23.390338,USA,new
U01016,2025-09-22 03:27:23.390338,USA,returning
U01017,2025-09-15 03:27:23.390338,India,returning
U01018,2025-10-08 03:27:23.390338,USA,new
U01019,2025-09-09 03:27:23.390338,Germany,returning
U01020,2025-09-21 03:27:23.390338,Australia,new
U01021,2025-10-02 03:27:23.390338,Australia,new
U01022,2025-10-31 03:27:23.390338,Germany,new
U01023,2025-10-19 03:27:23.390338,Germany,new
U01024,2025-09-24 03:27:23.390338,Australia,new
U01025,2025-09-18 03:27:23.390338,Germany,new
U01026,2025-09-27 03:27:23.390338,USA,new
U01027,2025-10-26 03:27:23.390338,USA,returning
U01028,2025-09-11 03:27:23.390338,India,new
U01029,2025-09-16 03:27:23.390338,India,new
U01030,2025-09-29 03:27:23.390338,Germany,new
U01031,2025-09-13 03:27:23.390338,UK,new
U01032,2025-11-01 03:27:23.390338,UK,new
U01033,2025-10-06 03:27:23.390338,UK,vip
U01034,2025-10-25 03:27:23.390338,Australia,new
U01035,2025-09-19 03:27:23.390338,UK,new
U01036,2025-10-15 03:27:23.390338,UK,new
U01037,2025-09-30 03:27:23.390338,UK,returning
U01038,2025-09-15 03:27:23.390338,UK,new
U01039,2025-10-22 03:27:23.390338,UK,new
U01040,2025-10-12 03:27:23.390338,India,returning
U01041,2025-09-27 03:27:23.390338,India,returning
U01042,2025-11-03 03:27:23.390338,India,returning
U01043,2025-10-14 03:27:23.390338,Australia,returning
U01044,2025-09-27 03:27:23.390338,Australia,new
U01045,2025-11-05 03:27:23.390338,Germany,new
U01046,2025-09-25 03:27:23.390338,India,new
U01047,2025-09-16 03:27:23.390338,UK,returning
U01048,2025-09-24 03:27:23.390338,India,new
U01049,2025-10-02 03:27:23.390338,Germany,new
U01050,2025-10-31 03:27:23.390338,Australia,returning
U01051,2025-11-01 03:27:23.390338,USA,new
U01052,2025-09-25 03:27:23.390338,Australia,returning
U01053,2025-10-30 03:27:23.390338,Germany,returning
U01054,2025-10-17 03:27:23.390338,UK,new
U01055,2025-09-12 03:27:23.390338,USA,returning
U01056,2025-10-06 03:27:23.390338,India,new
U01057,2025-09-29 03:27:23.390338,USA,returning
U01058,2025-09-21 03:27:23.390338,USA,new
U01059,2025-11-03 03:27:23.390338,Australia,new
U01060,2025-10-30 03:27:23.390338,India,new
U01061,2025-10-08 03:27:23.390338,Australia,new
U01062,2025-10-28 03:27:23.390338,India,new
U01063,2025-09-19 03:27:23.390338,India,new
U01064,2025-10-24 03:27:23.390338,Australia,new
U01065,2025-09-30 03:27:23.390338,Australia,new
U01066,2025-11-06 03:27:23.390338,Australia,new
U01067,2025-10-01 03:27:23.390338,Germany,new
U01068,2025-09-11 03:27:23.390338,UK,vip
U01069,2025-10-08 03:27:23.390338,Germany,new
U01070,2025-09-10 03:27:23.390338,USA,returning
U01071,2025-10-06 03:27:23.390338,India,new
U01072,2025-09-23 03:27:23.390338,Australia,vip
U01073,2025-10-12 03:27:23.390338,Australia,new
U01074,2025-10-08 03:27:23.390338,USA,returning
U01075,2025-10-03 03:27:23.390338,USA,new
U01076,2025-10-06 03:27:23.390338,UK,new
U01077,2025-10-31 03:27:23.390338,Germany,new
U01078,2025-11-03 03:27:23.390338,USA,new
U01079,2025-10-01 03:27:23.390338,USA,new
U01080,2025-10-05 03:27:23.390338,USA,new
U01081,2025-09-17 03:27:23.390338,India,new
U01082,2025-10-04 03:27:23.390338,Australia,new
U01083,2025-10-06 03:27:23.390338,India,returning
U01084,2025-11-02 03:27:23.390338,USA,new
U01085,2025-09-22 03:27:23.390338,India,returning
U01086,2025-09-11 03:27:23.390338,India,new
U01087,2025-09-19 03:27:23.390338,Germany,new
U01088,2025-09-27 03:27:23.390338,Germany,returning
U01089,2025-10-09 03:27:23.390338,Australia,new
U01090,2025-10-10 03:27:23.390338,USA,new
U01091,2025-11-06 03:27:23.390338,India,returning
U01092,2025-09-13 03:27:23.390338,Australia,new
U01093,2025-10-30 03:27:23.390338,UK,new
U01094,2025-10-23 03:27:23.390338,Germany,new
U01095,2025-11-03 03:27:23.390338,India,new
U01096,2025-09-27 03:27:23.390338,India,new
U01097,2025-10-13 03:27:23.390338,Germany,new
U01098,2025-11-06 03:27:23.390338,India,vip
U01099,2025-10-02 03:27:23.390338,India,returning
U01100,2025-09-28 03:27:23.390338,Germany,returning
U01101,2025-09-21 03:27:23.390338,USA,returning
U01102,2025-09-12 03:27:23.390338,Australia,new
U01103,2025-10-18 03:27:23.390338,Australia,returning
U01104,2025-10-13 03:27:23.390338,India,returning
U01105,2025-09-09 03:27:23.390338,Germany,returning
U01106,2025-09-26 03:27:23.390338,USA,returning
U01107,2025-10-28 03:27:23.390338,USA,new
U01108,2025-09-13 03:27:23.390338,USA,new
U01109,2025-10-27 03:27:23.390338,Australia,returning
U01110,2025-09-15 03:27:23.390338,Australia,new
U01111,2025-11-01 03:27:23.390338,India,new
U01112,2025-10-31 03:27:23.390338,USA,returning
U01113,2025-11-05 03:27:23.390338,India,new
U01114,2025-10-13 03:27:23.390338,UK,new
U01115,2025-10-11 03:27:23.390338,Australia,new
U01116,2025-10-13 03:27:23.390338,Germany,returning
U01117,2025-10-20 03:27:23.390338,India,new
U01118,2025-11-02 03:27:23.390338,USA,new
U01119,2025-10-09 03:27:23.390338,Australia,new
U01120,2025-09-21 03:27:23.390338,Australia,vip
U01121,2025-10-06 03:27:23.390338,Australia,new
U01122,2025-10-25 03:27:23.390338,India,new
U01123,2025-09-29 03:27:23.390338,UK,returning
U01124,2025-10-11 03:27:23.390338,Germany,new
U01125,2025-10-09 03:27:23.390338,UK,returning
U01126,2025-10-31 03:27:23.390338,USA,new
U01127,2025-09-27 03:27:23.390338,Germany,new
U01128,2025-10-28 03:27:23.390338,USA,vip
U01129,2025-09-19 03:27:23.390338,UK,vip
U01130,2025-09-20 03:27:23.390338,Australia,returning
U01131,2025-10-23 03:27:23.390338,Germany,new
U01132,2025-09-25 03:27:23.390338,UK,returning
U01133,2025-10-16 03:27:23.390338,Germany,new
U01134,2025-09-21 03:27:23.390338,Germany,new
U01135,2025-09-11 03:27:23.390338,Australia,new
U01136,2025-10-15 03:27:23.390338,Germany,returning
U01137,2025-10-31 03:27:23.390338,Germany,new
U01138,2025-11-02 03:27:23.390338,USA,vip
U01139,2025-09-13 03:27:23.390338,UK,new
U01140,2025-09-19 03:27:23.390338,Australia,new
U01141,2025-09-26 03:27:23.390338,Germany,new
U01142,2025-10-05 03:27:23.390338,Australia,returning
U01143,2025-11-04 03:27:23.390338,Germany,returning
U01144,2025-09-15 03:27:23.390338,Australia,new
U01145,2025-10-08 03:27:23.390338,India,new
U01146,2025-09-14 03:27:23.390338,Australia,new
U01147,2025-09-10 03:27:23.390338,India,new
U01148,2025-10-22 03:27:23.390338,UK,new
U01149,2025-09-27 03:27:23.390338,Australia,new
U01150,2025-10-27 03:27:23.390338,Germany,new
U01151,2025-11-07 03:27:23.390338,USA,returning
U01152,2025-10-05 03:27:23.390338,Australia,vip
U01153,2025-09-15 03:27:23.390338,Australia,vip
U01154,2025-10-06 03:27:23.390338,UK,new
U01155,2025-10-21 03:27:23.390338,Australia,new
U01156,2025-10-10 03:27:23.390338,Australia,returning
U01157,2025-09-20 03:27:23.390338,UK,returning
U01158,2025-11-07 03:27:23.390338,UK,new
U01159,2025-10-23 03:27:23.390338,USA,new
U01160,2025-10-17 03:27:23.390338,India,returning
U01161,2025-10-17 03:27:23.390338,India,new
U01162,2025-10-21 03:27:23.390338,USA,new
U01163,2025-10-18 03:27:23.390338,UK,new
U01164,2025-09-30 03:27:23.390338,India,new
U01165,2025-09-12 03:27:23.390338,Australia,new
U01166,2025-10-06 03:27:23.390338,UK,returning
U01167,2025-09-28 03:27:23.390338,Germany,new
U01168,2025-10-08 03:27:23.390338,Australia,vip
U01169,2025-10-24 03:27:23.390338,UK,new
U01170,2025-10-01 03:27:23.390338,Australia,new
U01171,2025-10-20 03:27:23.390338,USA,returning
U01172,2025-09-28 03:27:23.390338,Germany,returning
U01173,2025-10-12 03:27:23.390338,UK,new
U01174,2025-10-31 03:27:23.390338,India,new
U01175,2025-10-25 03:27:23.390338,Germany,vip
U01176,2025-09-23 03:27:23.390338,USA,new
U01177,2025-10-31 03:27:23.390338,India,new
U01178,2025-09-13 03:27:23.390338,India,new
U01179,2025-10-13 03:27:23.390338,UK,returning
U01180,2025-09-24 03:27:23.390338,India,new
U01181,2025-09-13 03:27:23.390338,India,returning
U01182,2025-11-02 03:27:23.390338,UK,new
U01183,2025-10-16 03:27:23.390338,USA,returning
U01184,2025-10-16 03:27:23.390338,USA,new
U01185,2025-09-27 03:27:23.390338,Australia,new
U01186,2025-10-12 03:27:23.390338,UK,new
U01187,2025-10-13 03:27:23.390338,Germany,new
U01188,2025-10-30 03:27:23.390338,Germany,new
U01189,2025-10-26 03:27:23.390338,India,new
U01190,2025-11-04 03:27:23.390338,UK,returning
U01191,2025-11-04 03:27:23.390338,India,returning
U01192,2025-10-08 03:27:23.390338,Australia,new
U01193,2025-09-10 03:27:23.390338,India,returning
U01194,2025-09-27 03:27:23.390338,UK,returning
U01195,2025-11-01 03:27:23.390338,India,new
U01196,2025-10-13 03:27:23.390338,India,new
U01197,2025-11-02 03:27:23.390338,USA,new
U01198,2025-09-24 03:27:23.390338,India,vip
U01199,2025-10-04 03:27:23.390338,Australia,returning
U01200,2025-09-13 03:27:23.390338,India,new
U01201,2025-09-30 03:27:23.390338,USA,new
U01202,2025-09-09 03:27:23.390338,Germany,new
U01203,2025-10-02 03:27:23.390338,India,returning
U01204,2025-10-06 03:27:23.390338,Australia,new
U01205,2025-10-23 03:27:23.390338,USA,new
U01206,2025-09-12 03:27:23.390338,India,new
U01207,2025-10-24 03:27:23.390338,India,new
U01208,2025-10-31 03:27:23.390338,UK,returning
U01209,2025-10-27 03:27:23.390338,Germany,vip
U01210,2025-10-18 03:27:23.390338,Australia,new
U01211,2025-10-17 03:27:23.390338,India,returning
U01212,2025-10-17 03:27:23.390338,Australia,vip
U01213,2025-10-04 03:27:23.390338,Australia,new
U01214,2025-09-09 03:27:23.390338,Germany,new
U01215,2025-09-26 03:27:23.390338,Australia,returning
U01216,2025-10-01 03:27:23.390338,USA,new
U01217,2025-09-26 03:27:23.390338,Australia,vip
U01218,2025-11-07 03:27:23.390338,India,new
U01219,2025-09-28 03:27:23.390338,USA,returning
U01220,2025-10-25 03:27:23.390338,Australia,returning
U01221,2025-09-28 03:27:23.390338,UK,new
U01222,2025-09-19 03:27:23.390338,USA,new
U01223,2025-10-30 03:27:23.390338,UK,new
U01224,2025-09-24 03:27:23.390338,Germany,returning
U01225,2025-09-30 03:27:23.390338,UK,vip
U01226,2025-09-28 03:27:23.390338,Germany,returning
U01227,2025-10-28 03:27:23.390338,USA,new
U01228,2025-10-01 03:27:23.390338,India,returning
U01229,2025-10-07 03:27:23.390338,USA,returning
U01230,2025-09-11 03:27:23.390338,Australia,new
U01231,2025-09-24 03:27:23.390338,India,new
U01232,2025-09-16 03:27:23.390338,India,returning
U01233,2025-10-13 03:27:23.390338,UK,new
U01234,2025-09-20 03:27:23.390338,USA,returning
U01235,2025-10-18 03:27:23.390338,Germany,vip
U01236,2025-10-02 03:27:23.390338,USA,vip
U01237,2025-09-18 03:27:23.390338,India,new
U01238,2025-10-17 03:27:23.390338,India,returning
U01239,2025-09-24 03:27:23.390338,USA,new
U01240,2025-11-03 03:27:23.390338,USA,vip
U01241,2025-10-04 03:27:23.390338,UK,new
U01242,2025-10-27 03:27:23.390338,USA,returning
U01243,2025-10-02 03:27:23.390338,USA,new
U01244,2025-11-06 03:27:23.390338,USA,returning
U01245,2025-09-24 03:27:23.390338,India,vip
U01246,2025-10-08 03:27:23.390338,UK,new
U01247,2025-09-25 03:27:23.390338,UK,returning
U01248,2025-10-29 03:27:23.390338,Australia,new
U01249,2025-11-04 03:27:23.390338,USA,returning
U01250,2025-10-19 03:27:23.390338,UK,returning
U01251,2025-11-04 03:27:23.390338,India,returning
U01252,2025-10-31 03:27:23.390338,UK,new
U01253,2025-10-13 03:27:23.390338,Australia,new
U01254,2025-11-07 03:27:23.390338,India,new
U01255,2025-10-26 03:27:23.390338,Germany,returning
U01256,2025-10-23 03:27:23.390338,USA,vip
U01257,2025-09-13 03:27:23.390338,UK,returning
U01258,2025-11-01 03:27:23.390338,UK,new
U01259,2025-10-30 03:27:23.390338,Australia,returning
U01260,2025-10-23 03:27:23.390338,UK,returning
U01261,2025-11-05 03:27:23.390338,USA,new
U01262,2025-10-22 03:27:23.390338,Australia,returning
U01263,2025-10-30 03:27:23.390338,India,returning
U01264,2025-10-06 03:27:23.390338,UK,new
U01265,2025-09-18 03:27:23.390338,USA,new
U01266,2025-11-03 03:27:23.390338,Germany,new
U01267,2025-09-24 03:27:23.390338,USA,returning
U01268,2025-10-13 03:27:23.390338,India,vip
U01269,2025-09-26 03:27:23.390338,Germany,new
U01270,2025-11-03 03:27:23.390338,Australia,new
U01271,2025-10-19 03:27:23.390338,USA,new
U01272,2025-09-24 03:27:23.390338,Germany,new
U01273,2025-10-21 03:27:23.390338,UK,new
U01274,2025-10-13 03:27:23.390338,UK,new
U01275,2025-09-23 03:27:23.390338,Australia,returning
U01276,2025-10-11 03:27:23.390338,USA,returning
U01277,2025-10-23 03:27:23.390338,India,returning
U01278,2025-10-05 03:27:23.390338,USA,new
U01279,2025-10-10 03:27:23.390338,Germany,returning
U01280,2025-10-22 03:27:23.390338,India,returning
U01281,2025-10-04 03:27:23.390338,USA,vip
U01282,2025-11-02 03:27:23.390338,USA,returning
U01283,2025-10-15 03:27:23.390338,Germany,new
U01284,2025-10-11 03:27:23.390338,Australia,vip
U01285,2025-10-26 03:27:23.390338,Australia,new
U01286,2025-09-10 03:27:23.390338,Australia,new
U01287,2025-10-10 03:27:23.390338,UK,new
U01288,2025-09-12 03:27:23.390338,Australia,new
U01289,2025-10-11 03:27:23.390338,India,returning
U01290,2025-09-14 03:27:23.390338,Germany,new
U01291,2025-09-19 03:27:23.390338,USA,new
U01292,2025-09-26 03:27:23.390338,Australia,new
U01293,2025-10-27 03:27:23.390338,USA,returning
U01294,2025-11-04 03:27:23.390338,India,new
U01295,2025-11-06 03:27:23.390338,Germany,returning
U01296,2025-10-29 03:27:23.390338,Australia,new
U01297,2025-10-30 03:27:23.390338,USA,new
U01298,2025-10-06 03:27:23.390338,Australia,returning
U01299,2025-10-20 03:27:23.390338,Germany,new
U01300,2025-10-30 03:27:23.390338,India,vip
U01301,2025-09-24 03:27:23.390338,Germany,new
U01302,2025-10-14 03:27:23.390338,USA,new
U01303,2025-09-18 03:27:23.390338,Germany,new
U01304,2025-11-04 03:27:23.390338,Australia,returning
U01305,2025-10-22 03:27:23.390338,Australia,new
U01306,2025-10-31 03:27:23.390338,Australia,new
U01307,2025-10-18 03:27:23.390338,India,returning
U01308,2025-09-30 03:27:23.390338,UK,vip
U01309,2025-10-30 03:27:23.390338,UK,new
U01310,2025-10-31 03:27:23.390338,India,new
U01311,2025-09-28 03:27:23.390338,UK,new
U01312,2025-10-16 03:27:23.390338,USA,new
U01313,2025-09-20 03:27:23.390338,India,new
U01314,2025-09-27 03:27:23.390338,USA,new
U01315,2025-10-18 03:27:23.390338,UK,returning
U01316,2025-10-09 03:27:23.390338,USA,new
U01317,2025-10-17 03:27:23.390338,Germany,new
U01318,2025-10-22 03:27:23.390338,Australia,new
U01319,2025-10-29 03:27:23.390338,India,new
U01320,2025-10-25 03:27:23.390338,Australia,new
U01321,2025-09-25 03:27:23.390338,Germany,returning
U01322,2025-10-02 03:27:23.390338,Australia,new
U01323,2025-09-18 03:27:23.390338,India,new
U01324,2025-09-20 03:27:23.390338,Australia,new
U01325,2025-10-11 03:27:23.390338,Australia,vip
U01326,2025-09-25 03:27:23.390338,USA,returning
U01327,2025-10-11 03:27:23.390338,UK,returning
U01328,2025-09-22 03:27:23.390338,Germany,returning
U01329,2025-09-11 03:27:23.390338,UK,vip
U01330,2025-09-13 03:27:23.390338,India,new
U01331,2025-10-25 03:27:23.390338,UK,new
U01332,2025-10-06 03:27:23.390338,Australia,returning
U01333,2025-09-29 03:27:23.390338,Australia,returning
U01334,2025-10-15 03:27:23.390338,Germany,new
U01335,2025-10-27 03:27:23.390338,USA,new
U01336,2025-10-15 03:27:23.390338,USA,returning
U01337,2025-09-19 03:27:23.390338,Australia,vip
U01338,2025-09-14 03:27:23.390338,UK,returning
U01339,2025-10-04 03:27:23.390338,Australia,returning
U01340,2025-10-10 03:27:23.390338,India,new
U01341,2025-09-25 03:27:23.390338,UK,returning
U01342,2025-09-15 03:27:23.390338,Australia,vip
U01343,2025-10-19 03:27:23.390338,UK,new
U01344,2025-10-29 03:27:23.390338,Australia,new
U01345,2025-10-04 03:27:23.390338,UK,returning
U01346,2025-10-14 03:27:23.390338,USA,new
U01347,2025-10-31 03:27:23.390338,UK,vip
U01348,2025-10-31 03:27:23.390338,Germany,new
U01349,2025-10-30 03:27:23.390338,UK,new
U01350,2025-10-10 03:27:23.390338,Germany,new
U01351,2025-11-04 03:27:23.390338,Germany,new
U01352,2025-09-13 03:27:23.390338,Germany,new
U01353,2025-10-06 03:27:23.390338,Germany,new
U01354,2025-11-04 03:27:23.390338,Australia,returning
U01355,2025-09-26 03:27:23.390338,UK,returning
U01356,2025-09-15 03:27:23.390338,Australia,returning
U01357,2025-09-12 03:27:23.390338,UK,new
U01358,2025-10-22 03:27:23.390338,USA,new
U01359,2025-09-29 03:27:23.390338,Germany,new
U01360,2025-09-10 03:27:23.390338,Australia,new
U01361,2025-10-09 03:27:23.390338,Germany,new
U01362,2025-09-17 03:27:23.390338,Germany,vip
U01363,2025-10-08 03:27:23.390338,Australia,new
U01364,2025-10-13 03:27:23.390338,India,new
U01365,2025-10-20 03:27:23.390338,USA,vip
U01366,2025-11-07 03:27:23.390338,India,returning
U01367,2025-10-21 03:27:23.390338,Germany,new
U01368,2025-11-06 03:27:23.390338,India,vip
U01369,2025-10-31 03:27:23.390338,Germany,returning
U01370,2025-09-11 03:27:23.390338,India,returning
U01371,2025-10-25 03:27:23.390338,India,new
U01372,2025-10-05 03:27:23.390338,UK,vip
U01373,2025-10-03 03:27:23.390338,Australia,vip
U01374,2025-10-22 03:27:23.390338,India,new
U01375,2025-11-07 03:27:23.390338,USA,new
U01376,2025-10-23 03:27:23.390338,USA,new
U01377,2025-11-05 03:27:23.390338,Germany,new
U01378,2025-10-03 03:27:23.390338,Australia,new
U01379,2025-10-10 03:27:23.390338,Germany,returning
U01380,2025-10-06 03:27:23.390338,India,new
U01381,2025-10-14 03:27:23.390338,India,new
U01382,2025-11-03 03:27:23.390338,UK,new
U01383,2025-11-04 03:27:23.390338,USA,new
U01384,2025-09-30 03:27:23.390338,USA,new
U01385,2025-11-06 03:27:23.390338,Germany,vip
U01386,2025-10-20 03:27:23.390338,UK,returning
U01387,2025-09-30 03:27:23.390338,Germany,new
U01388,2025-09-23 03:27:23.390338,Australia,returning
U01389,2025-10-30 03:27:23.390338,USA,returning
U01390,2025-09-15 03:27:23.390338,India,new
U01391,2025-09-10 03:27:23.390338,UK,returning
U01392,2025-09-28 03:27:23.390338,Germany,new
U01393,2025-09-30 03:27:23.390338,Germany,returning
U01394,2025-10-18 03:27:23.390338,Germany,new
U01395,2025-09-28 03:27:23.390338,Australia,new
U01396,2025-09-22 03:27:23.390338,India,new
U01397,2025-09-21 03:27:23.390338,Germany,new
U01398,2025-10-13 03:27:23.390338,India,new
U01399,2025-11-04 03:27:23.390338,India,new
U01400,2025-10-01 03:27:23.390338,USA,returning
U01401,2025-10-07 03:27:23.390338,India,returning
U01402,2025-10-11 03:27:23.390338,India,new
U01403,2025-09-28 03:27:23.390338,UK,new
U01404,2025-10-19 03:27:23.390338,USA,returning
U01405,2025-10-05 03:27:23.390338,UK,returning
U01406,2025-10-13 03:27:23.390338,UK,new
U01407,2025-10-29 03:27:23.390338,UK,new
U01408,2025-11-03 03:27:23.390338,USA,new
U01409,2025-11-01 03:27:23.390338,USA,new
U01410,2025-09-18 03:27:23.390338,Australia,new
U01411,2025-09-19 03:27:23.390338,Germany,new
U01412,2025-09-14 03:27:23.390338,India,new
U01413,2025-10-17 03:27:23.390338,Australia,vip
U01414,2025-10-10 03:27:23.390338,UK,new
U01415,2025-10-21 03:27:23.390338,Germany,new
U01416,2025-09-21 03:27:23.390338,Germany,returning
U01417,2025-10-03 03:27:23.390338,Australia,new
U01418,2025-10-01 03:27:23.390338,Australia,new
U01419,2025-10-27 03:27:23.390338,Germany,new
U01420,2025-10-02 03:27:23.390338,USA,returning
U01421,2025-10-06 03:27:23.390338,USA,returning
U01422,2025-10-24 03:27:23.390338,India,new
U01423,2025-09-18 03:27:23.390338,UK,returning
U01424,2025-09-20 03:27:23.390338,UK,new
U01425,2025-10-17 03:27:23.390338,USA,new
U01426,2025-10-28 03:27:23.390338,UK,returning
U01427,2025-11-06 03:27:23.390338,UK,returning
U01428,2025-09-10 03:27:23.390338,USA,new
U01429,2025-10-06 03:27:23.390338,Australia,new
U01430,2025-10-19 03:27:23.390338,India,new
U01431,2025-11-02 03:27:23.390338,India,new
U01432,2025-10-30 03:27:23.390338,UK,new
U01433,2025-10-26 03:27:23.390338,India,new
U01434,2025-10-07 03:27:23.390338,USA,returning
U01435,2025-10-04 03:27:23.390338,Australia,returning
U01436,2025-09-27 03:27:23.390338,USA,new
U01437,2025-09-12 03:27:23.390338,UK,new
U01438,2025-09-20 03:27:23.390338,Germany,returning
U01439,2025-09-13 03:27:23.390338,India,new
U01440,2025-10-04 03:27:23.390338,UK,vip
U01441,2025-10-15 03:27:23.390338,Australia,vip
U01442,2025-09-18 03:27:23.390338,Australia,new
U01443,2025-09-17 03:27:23.390338,Australia,returning
U01444,2025-10-06 03:27:23.390338,Australia,returning
U01445,2025-09-25 03:27:23.390338,Germany,vip
U01446,2025-11-06 03:27:23.390338,Australia,returning
U01447,2025-10-19 03:27:23.390338,UK,new
U01448,2025-11-01 03:27:23.390338,UK,returning
U01449,2025-09-25 03:27:23.390338,Australia,new
U01450,2025-09-24 03:27:23.390338,India,new
U01451,2025-11-05 03:27:23.390338,Germany,returning
U01452,2025-10-07 03:27:23.390338,India,returning
U01453,2025-09-26 03:27:23.390338,Germany,new
U01454,2025-10-18 03:27:23.390338,UK,new
U01455,2025-10-08 03:27:23.390338,USA,returning
U01456,2025-09-28 03:27:23.390338,India,new
U01457,2025-09-21 03:27:23.390338,India,new
U01458,2025-10-12 03:27:23.390338,India,new
U01459,2025-10-27 03:27:23.390338,India,new
U01460,2025-09-12 03:27:23.390338,USA,new
U01461,2025-10-28 03:27:23.390338,Germany,returning
U01462,2025-09-20 03:27:23.390338,USA,returning
U01463,2025-10-01 03:27:23.390338,India,new
U01464,2025-10-14 03:27:23.390338,USA,new
U01465,2025-09-10 03:27:23.390338,Australia,vip
U01466,2025-09-21 03:27:23.390338,India,returning
U01467,2025-10-19 03:27:23.390338,India,new
U01468,2025-09-13 03:27:23.390338,Australia,returning
U01469,2025-09-27 03:27:23.390338,USA,new
U01470,2025-11-03 03:27:23.390338,UK,new
U01471,2025-10-17 03:27:23.390338,USA,returning
U01472,2025-09-28 03:27:23.390338,Australia,returning
U01473,2025-10-15 03:27:23.390338,USA,new
U01474,2025-10-10 03:27:23.390338,India,new
U01475,2025-09-26 03:27:23.390338,Australia,new
U01476,2025-09-09 03:27:23.390338,USA,new
U01477,2025-10-31 03:27:23.390338,USA,new
U01478,2025-10-22 03:27:23.390338,Australia,returning
U01479,2025-10-12 03:27:23.390338,UK,vip
U01480,2025-10-24 03:27:23.390338,India,new
U01481,2025-10-06 03:27:23.390338,UK,returning
U01482,2025-11-04 03:27:23.390338,UK,vip
U01483,2025-09-27 03:27:23.390338,India,returning
U01484,2025-10-14 03:27:23.390338,India,new
U01485,2025-10-02 03:27:23.390338,India,vip
U01486,2025-09-14 03:27:23.390338,Germany,new
U01487,2025-09-10 03:27:23.390338,India,new
U01488,2025-11-06 03:27:23.390338,India,returning
U01489,2025-09-15 03:27:23.390338,USA,returning
U01490,2025-10-30 03:27:23.390338,India,new
U01491,2025-10-21 03:27:23.390338,India,new
U01492,2025-09-24 03:27:23.390338,USA,vip
U01493,2025-10-25 03:27:23.390338,USA,new
U01494,2025-11-03 03:27:23.390338,Germany,returning
U01495,2025-10-19 03:27:23.390338,India,new
U01496,2025-10-03 03:27:23.390338,USA,returning
U01497,2025-09-30 03:27:23.390338,USA,new
U01498,2025-11-03 03:27:23.390338,Australia,new
U01499,2025-10-08 03:27:23.390338,USA,returning
U01500,2025-09-11 03:27:23.390338,UK,new
U01501,2025-10-09 03:27:23.390338,Germany,new
U01502,2025-09-23 03:27:23.390338,Germany,vip
U01503,2025-10-23 03:27:23.390338,USA,returning
U01504,2025-10-01 03:27:23.390338,UK,new
U01505,2025-10-18 03:27:23.390338,India,vip
U01506,2025-11-03 03:27:23.390338,UK,new
U01507,2025-10-26 03:27:23.390338,UK,new
U01508,2025-10-31 03:27:23.390338,UK,new
U01509,2025-10-13 03:27:23.390338,USA,new
U01510,2025-09-10 03:27:23.390338,Germany,new
U01511,2025-09-26 03:27:23.390338,Germany,new
U01512,2025-10-14 03:27:23.390338,Australia,new
U01513,2025-11-02 03:27:23.390338,Australia,returning
U01514,2025-10-29 03:27:23.390338,Australia,new
U01515,2025-11-04 03:27:23.390338,Australia,new
U01516,2025-10-28 03:27:23.390338,Australia,returning
U01517,2025-10-02 03:27:23.390338,USA,new
U01518,2025-10-05 03:27:23.390338,Germany,vip
U01519,2025-09-25 03:27:23.390338,Australia,returning
U01520,2025-09-21 03:27:23.390338,Australia,returning
U01521,2025-10-26 03:27:23.390338,UK,new
U01522,2025-09-15 03:27:23.390338,UK,new
U01523,2025-10-05 03:27:23.390338,Australia,new
U01524,2025-09-18 03:27:23.390338,India,new
U01525,2025-10-18 03:27:23.390338,Australia,returning
U01526,2025-09-26 03:27:23.390338,USA,new
U01527,2025-11-04 03:27:23.390338,UK,new
U01528,2025-10-14 03:27:23.390338,India,new
U01529,2025-09-18 03:27:23.390338,Australia,new
U01530,2025-10-12 03:27:23.390338,India,new
U01531,2025-10-17 03:27:23.390338,USA,new
U01532,2025-10-20 03:27:23.390338,Germany,new
U01533,2025-09-20 03:27:23.390338,USA,returning
U01534,2025-09-20 03:27:23.390338,USA,returning
U01535,2025-09-15 03:27:23.390338,USA,new
U01536,2025-09-30 03:27:23.390338,Germany,vip
U01537,2025-10-26 03:27:23.390338,India,new
U01538,2025-10-03 03:27:23.390338,India,returning
U01539,2025-09-27 03:27:23.390338,Australia,new
U01540,2025-09-22 03:27:23.390338,UK,new
U01541,2025-09-28 03:27:23.390338,USA,returning
U01542,2025-09-24 03:27:23.390338,Germany,returning
U01543,2025-10-14 03:27:23.390338,Germany,vip
U01544,2025-10-19 03:27:23.390338,USA,returning
U01545,2025-10-12 03:27:23.390338,USA,vip
U01546,2025-09-22 03:27:23.390338,Germany,returning
U01547,2025-10-27 03:27:23.390338,India,vip
U01548,2025-11-07 03:27:23.390338,USA,returning
U01549,2025-10-05 03:27:23.390338,USA,new
U01550,2025-10-27 03:27:23.390338,India,new
U01551,2025-09-19 03:27:23.390338,Australia,returning
U01552,2025-10-01 03:27:23.390338,Australia,returning
U01553,2025-10-26 03:27:23.390338,Australia,returning
U01554,2025-09-22 03:27:23.390338,India,new
U01555,2025-11-06 03:27:23.390338,India,vip
U01556,2025-10-10 03:27:23.390338,UK,new
U01557,2025-09-10 03:27:23.390338,UK,vip
U01558,2025-10-04 03:27:23.390338,USA,new
U01559,2025-10-20 03:27:23.390338,UK,new
U01560,2025-09-12 03:27:23.390338,Australia,new
U01561,2025-11-06 03:27:23.390338,USA,returning
U01562,2025-10-03 03:27:23.390338,India,returning
U01563,2025-09-12 03:27:23.390338,UK,new
U01564,2025-09-20 03:27:23.390338,India,new
U01565,2025-10-22 03:27:23.390338,Germany,returning
U01566,2025-10-16 03:27:23.390338,Germany,new
U01567,2025-09-09 03:27:23.390338,USA,new
U01568,2025-09-23 03:27:23.390338,Australia,new
U01569,2025-10-30 03:27:23.390338,Germany,returning
U01570,2025-09-28 03:27:23.390338,India,new
U01571,2025-10-26 03:27:23.390338,Australia,returning
U01572,2025-10-10 03:27:23.390338,USA,returning
U01573,2025-10-21 03:27:23.390338,Australia,new
U01574,2025-10-31 03:27:23.390338,USA,returning
U01575,2025-10-09 03:27:23.390338,USA,returning
U01576,2025-10-03 03:27:23.390338,India,new
U01577,2025-10-02 03:27:23.390338,India,returning
U01578,2025-09-13 03:27:23.390338,Australia,new
U01579,2025-09-19 03:27:23.390338,UK,new
U01580,2025-11-01 03:27:23.390338,Australia,new
U01581,2025-09-16 03:27:23.390338,Australia,vip
U01582,2025-10-01 03:27:23.390338,UK,returning
U01583,2025-09-14 03:27:23.390338,UK,new
U01584,2025-10-27 03:27:23.390338,UK,returning
U01585,2025-10-09 03:27:23.390338,Australia,new
U01586,2025-10-27 03:27:23.390338,USA,new
U01587,2025-10-24 03:27:23.390338,India,new
U01588,2025-10-07 03:27:23.390338,Germany,returning
U01589,2025-09-24 03:27:23.390338,Germany,new
U01590,2025-10-01 03:27:23.390338,USA,new
U01591,2025-10-30 03:27:23.390338,Germany,new
U01592,2025-10-22 03:27:23.390338,Australia,new
U01593,2025-09-14 03:27:23.390338,Australia,new
U01594,2025-10-03 03:27:23.390338,Australia,returning
U01595,2025-11-01 03:27:23.390338,India,new
U01596,2025-10-20 03:27:23.390338,USA,new
U01597,2025-09-22 03:27:23.390338,India,new
U01598,2025-09-25 03:27:23.390338,Australia,new
U01599,2025-10-30 03:27:23.390338,Australia,returning
U01600,2025-09-18 03:27:23.390338,Germany,returning
U01601,2025-11-06 03:27:23.390338,UK,new
U01602,2025-09-14 03:27:23.390338,Australia,new
U01603,2025-10-11 03:27:23.390338,Germany,new
U01604,2025-10-25 03:27:23.390338,Australia,new
U01605,2025-09-17 03:27:23.390338,UK,new
U01606,2025-11-02 03:27:23.390338,India,new
U01607,2025-09-29 03:27:23.390338,Australia,returning
U01608,2025-09-16 03:27:23.390338,UK,returning
U01609,2025-11-06 03:27:23.390338,India,new
U01610,2025-10-04 03:27:23.390338,Germany,new
U01611,2025-09-15 03:27:23.390338,Australia,new
U01612,2025-10-24 03:27:23.390338,UK,returning
U01613,2025-10-25 03:27:23.390338,Germany,new
U01614,2025-09-13 03:27:23.390338,Australia,returning
U01615,2025-10-14 03:27:23.390338,Germany,new
U01616,2025-10-26 03:27:23.390338,Australia,new
U01617,2025-09-25 03:27:23.390338,Germany,vip
U01618,2025-10-15 03:27:23.390338,UK,new
U01619,2025-10-15 03:27:23.390338,UK,new
U01620,2025-09-18 03:27:23.390338,Germany,new
U01621,2025-09-24 03:27:23.390338,UK,returning
U01622,2025-10-03 03:27:23.390338,Australia,returning
U01623,2025-10-02 03:27:23.390338,USA,returning
U01624,2025-10-10 03:27:23.390338,USA,new
U01625,2025-10-02 03:27:23.390338,USA,vip
U01626,2025-10-29 03:27:23.390338,India,returning
U01627,2025-09-24 03:27:23.390338,USA,new
U01628,2025-10-27 03:27:23.390338,USA,vip
U01629,2025-11-07 03:27:23.390338,UK,new
U01630,2025-09-16 03:27:23.390338,Australia,new
U01631,2025-09-25 03:27:23.390338,India,new
U01632,2025-09-16 03:27:23.390338,Australia,new
U01633,2025-09-14 03:27:23.390338,USA,new
U01634,2025-09-22 03:27:23.390338,UK,returning
U01635,2025-09-25 03:27:23.390338,Germany,new
U01636,2025-10-13 03:27:23.390338,India,returning
U01637,2025-10-27 03:27:23.390338,India,new
U01638,2025-10-05 03:27:23.390338,Germany,new
U01639,2025-09-09 03:27:23.390338,Germany,returning
U01640,2025-09-18 03:27:23.390338,UK,new
U01641,2025-09-22 03:27:23.390338,Germany,new
U01642,2025-10-05 03:27:23.390338,USA,returning
U01643,2025-09-24 03:27:23.390338,Germany,new
U01644,2025-10-04 03:27:23.390338,India,vip
U01645,2025-09-09 03:27:23.390338,India,returning
U01646,2025-11-05 03:27:23.390338,Germany,returning
U01647,2025-09-23 03:27:23.390338,Australia,returning
U01648,2025-10-17 03:27:23.390338,India,new
U01649,2025-10-22 03:27:23.390338,Australia,new
U01650,2025-10-28 03:27:23.390338,USA,new
U01651,2025-10-08 03:27:23.390338,UK,new
U01652,2025-11-04 03:27:23.390338,Australia,new
U01653,2025-10-21 03:27:23.390338,Germany,new
U01654,2025-10-21 03:27:23.390338,Australia,new
U01655,2025-10-12 03:27:23.390338,Germany,new
U01656,2025-10-12 03:27:23.390338,USA,new
U01657,2025-10-21 03:27:23.390338,Australia,new
U01658,2025-09-21 03:27:23.390338,UK,new
U01659,2025-10-29 03:27:23.390338,India,new
U01660,2025-09-12 03:27:23.390338,Australia,new
U01661,2025-10-11 03:27:23.390338,India,new
U01662,2025-10-21 03:27:23.390338,Germany,returning
U01663,2025-10-02 03:27:23.390338,UK,vip
U01664,2025-11-06 03:27:23.390338,India,vip
U01665,2025-09-11 03:27:23.390338,Germany,returning
U01666,2025-11-06 03:27:23.390338,Australia,new
U01667,2025-10-25 03:27:23.390338,Germany,returning
U01668,2025-10-19 03:27:23.390338,USA,returning
U01669,2025-09-21 03:27:23.390338,UK,new
U01670,2025-09-18 03:27:23.390338,Australia,returning
U01671,2025-10-05 03:27:23.390338,Germany,new
U01672,2025-11-05 03:27:23.390338,Germany,vip
U01673,2025-10-11 03:27:23.390338,UK,new
U01674,2025-10-26 03:27:23.390338,Germany,vip
U01675,2025-09-15 03:27:23.390338,UK,returning
U01676,2025-09-24 03:27:23.390338,India,new
U01677,2025-09-21 03:27:23.390338,India,returning
U01678,2025-09-16 03:27:23.390338,Australia,returning
U01679,2025-10-08 03:27:23.390338,UK,new
U01680,2025-10-08 03:27:23.390338,Australia,new
U01681,2025-10-20 03:27:23.390338,Germany,new
U01682,2025-11-02 03:27:23.390338,Germany,new
U01683,2025-09-23 03:27:23.390338,India,new
U01684,2025-09-16 03:27:23.390338,USA,new
U01685,2025-09-13 03:27:23.390338,Germany,new
U01686,2025-10-20 03:27:23.390338,UK,new
U01687,2025-10-23 03:27:23.390338,Germany,new
U01688,2025-10-22 03:27:23.390338,Germany,new
U01689,2025-10-18 03:27:23.390338,Australia,returning
U01690,2025-11-03 03:27:23.390338,Australia,new
U01691,2025-09-09 03:27:23.390338,Australia,new
U01692,2025-09-30 03:27:23.390338,USA,new
U01693,2025-10-12 03:27:23.390338,UK,new
U01694,2025-09-18 03:27:23.390338,UK,new
U01695,2025-10-07 03:27:23.390338,USA,vip
U01696,2025-10-04 03:27:23.390338,Germany,new
U01697,2025-11-07 03:27:23.390338,UK,returning
U01698,2025-10-04 03:27:23.390338,UK,vip
U01699,2025-10-10 03:27:23.390338,Australia,returning
U01700,2025-10-14 03:27:23.390338,UK,new
U01701,2025-09-14 03:27:23.390338,Germany,vip
U01702,2025-09-12 03:27:23.390338,Germany,returning
U01703,2025-10-30 03:27:23.390338,UK,vip
U01704,2025-11-03 03:27:23.390338,UK,new
U01705,2025-10-04 03:27:23.390338,USA,new
U01706,2025-10-23 03:27:23.390338,Australia,returning
U01707,2025-10-25 03:27:23.390338,Germany,new
U01708,2025-09-17 03:27:23.390338,UK,returning
U01709,2025-10-06 03:27:23.390338,India,vip
U01710,2025-10-23 03:27:23.390338,UK,new
U01711,2025-10-15 03:27:23.390338,Australia,new
U01712,2025-10-30 03:27:23.390338,USA,new
U01713,2025-09-14 03:27:23.390338,USA,new
U01714,2025-10-08 03:27:23.390338,Germany,new
U01715,2025-11-06 03:27:23.390338,USA,new
U01716,2025-10-03 03:27:23.390338,Germany,new
U01717,2025-11-03 03:27:23.390338,India,returning
U01718,2025-10-20 03:27:23.390338,Australia,new
U01719,2025-10-15 03:27:23.390338,Germany,returning
U01720,2025-09-11 03:27:23.390338,India,new
U01721,2025-10-23 03:27:23.390338,USA,new
U01722,2025-10-20 03:27:23.390338,USA,returning
U01723,2025-11-03 03:27:23.390338,USA,new
U01724,2025-10-23 03:27:23.390338,USA,returning
U01725,2025-10-25 03:27:23.390338,Australia,vip
U01726,2025-11-07 03:27:23.390338,USA,new
U01727,2025-09-21 03:27:23.390338,Germany,new
U01728,2025-11-04 03:27:23.390338,Australia,new
U01729,2025-10-20 03:27:23.390338,USA,new
U01730,2025-09-13 03:27:23.390338,UK,returning
U01731,2025-10-20 03:27:23.390338,UK,new
U01732,2025-09-21 03:27:23.390338,Germany,new
U01733,2025-09-19 03:27:23.390338,USA,new
U01734,2025-10-13 03:27:23.390338,Germany,new
U01735,2025-09-27 03:27:23.390338,USA,new
U01736,2025-09-28 03:27:23.390338,India,new
U01737,2025-10-06 03:27:23.390338,USA,new
U01738,2025-09-09 03:27:23.390338,India,new
U01739,2025-10-01 03:27:23.390338,USA,returning
U01740,2025-11-07 03:27:23.390338,UK,returning
U01741,2025-09-27 03:27:23.390338,India,new
U01742,2025-10-30 03:27:23.390338,Germany,returning
U01743,2025-09-16 03:27:23.390338,UK,new
U01744,2025-09-20 03:27:23.390338,India,new
U01745,2025-09-21 03:27:23.390338,Germany,new
U01746,2025-10-19 03:27:23.390338,Australia,new
U01747,2025-10-30 03:27:23.390338,USA,returning
U01748,2025-09-29 03:27:23.390338,USA,new
U01749,2025-09-27 03:27:23.390338,USA,new
U01750,2025-10-02 03:27:23.390338,USA,returning
U01751,2025-10-24 03:27:23.390338,Australia,new
U01752,2025-10-17 03:27:23.390338,India,new
U01753,2025-10-08 03:27:23.390338,Australia,new
U01754,2025-09-25 03:27:23.390338,USA,vip
U01755,2025-11-04 03:27:23.390338,Germany,new
U01756,2025-09-28 03:27:23.390338,UK,new
U01757,2025-10-04 03:27:23.390338,USA,vip
U01758,2025-09-18 03:27:23.390338,Germany,new
U01759,2025-10-02 03:27:23.390338,UK,new
U01760,2025-09-11 03:27:23.390338,USA,new
U01761,2025-11-03 03:27:23.390338,Germany,returning
U01762,2025-10-18 03:27:23.390338,India,new
U01763,2025-09-19 03:27:23.390338,Australia,new
U01764,2025-10-05 03:27:23.390338,UK,new
U01765,2025-10-13 03:27:23.390338,UK,new
U01766,2025-11-06 03:27:23.390338,Australia,new
U01767,2025-10-04 03:27:23.390338,USA,new
U01768,2025-09-28 03:27:23.390338,UK,new
U01769,2025-09-11 03:27:23.390338,India,new
U01770,2025-09-26 03:27:23.390338,Germany,vip
U01771,2025-10-20 03:27:23.390338,USA,new
U01772,2025-09-09 03:27:23.390338,USA,new
U01773,2025-09-21 03:27:23.390338,UK,new
U01774,2025-09-12 03:27:23.390338,Australia,new
U01775,2025-09-24 03:27:23.390338,Germany,new
U01776,2025-10-07 03:27:23.390338,UK,returning
U01777,2025-09-09 03:27:23.390338,Australia,new
U01778,2025-11-06 03:27:23.390338,Germany,new
U01779,2025-10-31 03:27:23.390338,UK,new
U01780,2025-10-16 03:27:23.390338,Australia,vip
U01781,2025-10-26 03:27:23.390338,USA,new
U01782,2025-11-01 03:27:23.390338,UK,returning
U01783,2025-10-03 03:27:23.390338,India,vip
U01784,2025-09-14 03:27:23.390338,UK,vip
U01785,2025-10-13 03:27:23.390338,Australia,new
U01786,2025-10-01 03:27:23.390338,Australia,returning
U01787,2025-09-15 03:27:23.390338,Australia,returning
U01788,2025-10-26 03:27:23.390338,Australia,vip
U01789,2025-09-10 03:27:23.390338,Australia,new
U01790,2025-10-26 03:27:23.390338,UK,new
U01791,2025-10-08 03:27:23.390338,UK,returning
U01792,2025-10-27 03:27:23.390338,India,returning
U01793,2025-10-08 03:27:23.390338,Australia,new
U01794,2025-10-03 03:27:23.390338,UK,returning
U01795,2025-10-14 03:27:23.390338,USA,new
U01796,2025-09-18 03:27:23.390338,Australia,new
U01797,2025-10-09 03:27:23.390338,India,new
U01798,2025-10-19 03:27:23.390338,Australia,new
U01799,2025-10-17 03:27:23.390338,USA,returning
U01800,2025-11-07 03:27:23.390338,UK,new
U01801,2025-11-04 03:27:23.390338,USA,returning
U01802,2025-10-30 03:27:23.390338,UK,new
U01803,2025-10-01 03:27:23.390338,Germany,vip
U01804,2025-11-01 03:27:23.390338,UK,new
U01805,2025-09-15 03:27:23.390338,USA,returning
U01806,2025-10-27 03:27:23.390338,Germany,returning
U01807,2025-10-25 03:27:23.390338,India,new
U01808,2025-11-01 03:27:23.390338,USA,vip
U01809,2025-10-01 03:27:23.390338,India,returning
U01810,2025-10-27 03:27:23.390338,Germany,new
U01811,2025-10-13 03:27:23.390338,India,new
U01812,2025-10-06 03:27:23.390338,USA,new
U01813,2025-10-21 03:27:23.390338,India,vip
U01814,2025-10-22 03:27:23.390338,Australia,returning
U01815,2025-09-23 03:27:23.390338,Australia,returning
U01816,2025-11-01 03:27:23.390338,USA,new
U01817,2025-11-03 03:27:23.390338,Australia,vip
U01818,2025-09-24 03:27:23.390338,India,new
U01819,2025-09-10 03:27:23.390338,UK,returning
U01820,2025-10-06 03:27:23.390338,Germany,returning
U01821,2025-10-31 03:27:23.390338,Germany,new
U01822,2025-10-21 03:27:23.390338,UK,new
U01823,2025-09-09 03:27:23.390338,Australia,new
U01824,2025-09-27 03:27:23.390338,India,new
U01825,2025-10-18 03:27:23.390338,Germany,new
U01826,2025-10-24 03:27:23.390338,USA,new
U01827,2025-10-08 03:27:23.390338,USA,new
U01828,2025-11-04 03:27:23.390338,USA,new
U01829,2025-10-09 03:27:23.390338,USA,returning
U01830,2025-10-29 03:27:23.390338,Germany,returning
U01831,2025-09-13 03:27:23.390338,Germany,new
U01832,2025-09-30 03:27:23.390338,Germany,vip
U01833,2025-09-27 03:27:23.390338,USA,new
U01834,2025-09-11 03:27:23.390338,USA,new
U01835,2025-10-22 03:27:23.390338,India,new
U01836,2025-09-21 03:27:23.390338,UK,returning
U01837,2025-09-21 03:27:23.390338,UK,new
U01838,2025-09-12 03:27:23.390338,Australia,new
U01839,2025-10-10 03:27:23.390338,Germany,returning
U01840,2025-10-01 03:27:23.390338,Germany,returning
U01841,2025-11-05 03:27:23.390338,Australia,new
U01842,2025-09-20 03:27:23.390338,Germany,new
U01843,2025-09-30 03:27:23.390338,USA,new
U01844,2025-11-04 03:27:23.390338,UK,new
U01845,2025-10-17 03:27:23.390338,Australia,vip
U01846,2025-10-07 03:27:23.390338,Australia,new
U01847,2025-11-02 03:27:23.390338,India,returning
U01848,2025-10-12 03:27:23.390338,USA,new
U01849,2025-09-28 03:27:23.390338,India,returning
U01850,2025-10-24 03:27:23.390338,India,vip
U01851,2025-11-03 03:27:23.390338,India,returning
U01852,2025-10-30 03:27:23.390338,India,new
U01853,2025-09-28 03:27:23.390338,Australia,new
U01854,2025-09-11 03:27:23.390338,India,new
U01855,2025-10-07 03:27:23.390338,Australia,returning
U01856,2025-09-16 03:27:23.390338,Germany,new
U01857,2025-10-20 03:27:23.390338,USA,vip
U01858,2025-09-23 03:27:23.390338,UK,new
U01859,2025-10-29 03:27:23.390338,USA,vip
U01860,2025-09-13 03:27:23.390338,India,returning
U01861,2025-10-20 03:27:23.390338,India,returning
U01862,2025-10-01 03:27:23.390338,UK,returning
U01863,2025-10-04 03:27:23.390338,USA,new
U01864,2025-09-16 03:27:23.390338,India,new
U01865,2025-09-21 03:27:23.390338,India,new
U01866,2025-09-30 03:27:23.390338,UK,new
U01867,2025-10-04 03:27:23.390338,Germany,new
U01868,2025-09-25 03:27:23.390338,UK,new
U01869,2025-10-25 03:27:23.390338,Australia,vip
U01870,2025-10-07 03:27:23.390338,USA,returning
U01871,2025-09-27 03:27:23.390338,Australia,new
U01872,2025-10-24 03:27:23.390338,UK,new
U01873,2025-10-18 03:27:23.390338,UK,returning
U01874,2025-10-07 03:27:23.390338,Germany,new
U01875,2025-09-11 03:27:23.390338,Germany,new
U01876,2025-09-25 03:27:23.390338,Australia,returning
U01877,2025-09-10 03:27:23.390338,Australia,new
U01878,2025-10-26 03:27:23.390338,India,new
U01879,2025-10-13 03:27:23.390338,USA,returning
U01880,2025-10-01 03:27:23.390338,India,new
U01881,2025-10-16 03:27:23.390338,UK,returning
U01882,2025-09-30 03:27:23.390338,UK,new
U01883,2025-10-08 03:27:23.390338,UK,new
U01884,2025-10-13 03:27:23.390338,Germany,returning
U01885,2025-10-29 03:27:23.390338,UK,new
U01886,2025-11-05 03:27:23.390338,UK,new
U01887,2025-09-24 03:27:23.390338,USA,returning
U01888,2025-10-13 03:27:23.390338,Germany,new
U01889,2025-09-25 03:27:23.390338,Australia,new
U01890,2025-10-24 03:27:23.390338,India,new
U01891,2025-10-18 03:27:23.390338,India,new
U01892,2025-09-10 03:27:23.390338,Australia,returning
U01893,2025-10-14 03:27:23.390338,Germany,new
U01894,2025-10-06 03:27:23.390338,India,returning
U01895,2025-10-04 03:27:23.390338,USA,returning
U01896,2025-11-02 03:27:23.390338,UK,returning
U01897,2025-10-06 03:27:23.390338,UK,returning
U01898,2025-09-26 03:27:23.390338,Australia,returning
U01899,2025-11-04 03:27:23.390338,Australia,returning
U01900,2025-09-13 03:27:23.390338,Australia,new
U01901,2025-09-29 03:27:23.390338,Australia,vip
U01902,2025-10-17 03:27:23.390338,Germany,vip
U01903,2025-10-04 03:27:23.390338,Australia,returning
U01904,2025-09-16 03:27:23.390338,Australia,returning
U01905,2025-10-24 03:27:23.390338,India,vip
U01906,2025-09-28 03:27:23.390338,UK,new
U01907,2025-10-21 03:27:23.390338,Germany,new
U01908,2025-09-25 03:27:23.390338,USA,new
U01909,2025-10-17 03:27:23.390338,USA,new
U01910,2025-10-24 03:27:23.390338,Australia,new
U01911,2025-09-13 03:27:23.390338,India,new
U01912,2025-09-22 03:27:23.390338,Germany,returning
U01913,2025-11-04 03:27:23.390338,USA,new
U01914,2025-10-08 03:27:23.390338,Germany,new
U01915,2025-10-10 03:27:23.390338,UK,returning
U01916,2025-10-04 03:27:23.390338,USA,new
U01917,2025-10-04 03:27:23.390338,Germany,vip
U01918,2025-10-06 03:27:23.390338,USA,returning
U01919,2025-09-21 03:27:23.390338,Australia,returning
U01920,2025-09-10 03:27:23.390338,UK,returning
U01921,2025-10-03 03:27:23.390338,Germany,new
U01922,2025-10-09 03:27:23.390338,USA,new
U01923,2025-10-02 03:27:23.390338,UK,new
U01924,2025-10-18 03:27:23.390338,India,new
U01925,2025-09-20 03:27:23.390338,Germany,returning
U01926,2025-09-09 03:27:23.390338,Australia,returning
U01927,2025-10-01 03:27:23.390338,Germany,new
U01928,2025-10-11 03:27:23.390338,UK,new
U01929,2025-09-29 03:27:23.390338,USA,new
U01930,2025-09-29 03:27:23.390338,Germany,new
U01931,2025-09-10 03:27:23.390338,Germany,returning
U01932,2025-09-13 03:27:23.390338,USA,new
U01933,2025-10-25 03:27:23.390338,USA,returning
U01934,2025-09-10 03:27:23.390338,Australia,new
U01935,2025-10-29 03:27:23.390338,Germany,vip
U01936,2025-10-17 03:27:23.390338,UK,new
U01937,2025-09-12 03:27:23.390338,UK,returning
U01938,2025-09-28 03:27:23.390338,USA,vip
U01939,2025-09-10 03:27:23.390338,Germany,vip
U01940,2025-11-03 03:27:23.390338,USA,new
U01941,2025-11-03 03:27:23.390338,UK,vip
U01942,2025-10-15 03:27:23.390338,Australia,new
U01943,2025-09-23 03:27:23.390338,Germany,new
U01944,2025-11-03 03:27:23.390338,UK,new
U01945,2025-11-05 03:27:23.390338,Germany,new
U01946,2025-11-02 03:27:23.390338,UK,new
U01947,2025-10-18 03:27:23.390338,UK,returning
U01948,2025-10-20 03:27:23.390338,USA,new
U01949,2025-10-19 03:27:23.390338,Australia,vip
U01950,2025-11-02 03:27:23.390338,Germany,new
U01951,2025-09-25 03:27:23.390338,UK,new
U01952,2025-09-22 03:27:23.390338,USA,returning
U01953,2025-09-23 03:27:23.390338,UK,returning
U01954,2025-10-28 03:27:23.390338,Germany,new
U01955,2025-10-29 03:27:23.390338,Germany,new
U01956,2025-11-06 03:27:23.390338,India,new
U01957,2025-10-27 03:27:23.390338,USA,new
U01958,2025-09-28 03:27:23.390338,India,vip
U01959,2025-10-11 03:27:23.390338,USA,returning
U01960,2025-10-04 03:27:23.390338,Germany,returning
U01961,2025-09-25 03:27:23.390338,USA,returning
U01962,2025-10-26 03:27:23.390338,India,new
U01963,2025-10-09 03:27:23.390338,Australia,new
U01964,2025-11-07 03:27:23.390338,USA,new
U01965,2025-10-17 03:27:23.390338,India,new
U01966,2025-10-04 03:27:23.390338,India,vip
U01967,2025-10-11 03:27:23.390338,Germany,returning
U01968,2025-10-13 03:27:23.390338,India,returning
U01969,2025-10-07 03:27:23.390338,Germany,vip
U01970,2025-10-15 03:27:23.390338,UK,returning
U01971,2025-11-02 03:27:23.390338,UK,vip
U01972,2025-09-21 03:27:23.390338,Australia,new
U01973,2025-10-26 03:27:23.390338,India,new
U01974,2025-10-03 03:27:23.390338,Australia,new
U01975,2025-10-07 03:27:23.390338,India,returning
U01976,2025-11-05 03:27:23.390338,Germany,new
U01977,2025-10-25 03:27:23.390338,USA,returning
U01978,2025-09-24 03:27:23.390338,Germany,returning
U01979,2025-10-12 03:27:23.390338,Germany,new
U01980,2025-10-02 03:27:23.390338,UK,new
U01981,2025-10-05 03:27:23.390338,UK,new
U01982,2025-09-12 03:27:23.390338,Australia,returning
U01983,2025-10-24 03:27:23.390338,India,returning
U01984,2025-10-17 03:27:23.390338,UK,returning
U01985,2025-09-23 03:27:23.390338,USA,returning
U01986,2025-09-16 03:27:23.390338,UK,new
U01987,2025-10-02 03:27:23.390338,USA,new
U01988,2025-10-29 03:27:23.390338,Australia,returning
U01989,2025-10-28 03:27:23.390338,UK,returning
U01990,2025-10-05 03:27:23.390338,USA,returning
U01991,2025-10-06 03:27:23.390338,Australia,new
U01992,2025-10-28 03:27:23.390338,Germany,vip
U01993,2025-09-15 03:27:23.390338,Australia,new
U01994,2025-09-11 03:27:23.390338,Australia,returning
U01995,2025-10-26 03:27:23.390338,USA,new
U01996,2025-10-14 03:27:23.390338,UK,returning
U01997,2025-10-18 03:27:23.390338,UK,vip
U01998,2025-10-05 03:27:23.390338,UK,new
U01999,2025-10-18 03:27:23.390338,Germany,new
U02000,2025-09-24 03:27:23.390338,India,new
