order_id,session_id,user_id,order_time,total_amount
O000001,S000013,U00996,2025-09-09 22:18:32.390338,353.96
O000002,S000015,U01791,2025-09-09 11:51:33.390338,858.93
O000003,S000016,U01477,2025-09-10 02:42:48.390338,183.41
O000004,S000029,U01451,2025-09-09 21:03:49.390338,323.5
O000005,S000046,U00670,2025-09-09 21:34:56.390338,757.19
O000006,S000057,U01030,2025-09-10 01:16:38.390338,328.22
O000007,S000062,U00546,2025-09-09 10:59:47.390338,369.58
O000008,S000064,U01929,2025-09-09 15:19:41.390338,340.73
O000009,S000069,U00660,2025-09-09 13:26:33.390338,757.22
O000010,S000073,U01812,2025-09-10 00:19:48.390338,904.78
O000011,S000086,U01110,2025-09-10 01:42:13.390338,855.22
O000012,S000087,U00710,2025-09-09 04:59:03.390338,174.52
O000013,S000098,U00868,2025-09-10 22:29:35.390338,783.45
O000014,S000099,U01809,2025-09-11 00:38:43.390338,62.35
O000015,S000104,U01167,2025-09-10 20:07:55.390338,55.95
O000016,S000109,U01596,2025-09-10 15:01:13.390338,526.08
O000017,S000125,U01309,2025-09-10 15:10:30.390338,237.27
O000018,S000140,U01908,2025-09-11 02:26:42.390338,277.91
O000019,S000147,U01249,2025-09-10 19:47:43.390338,211.38
O000020,S000148,U00640,2025-09-10 09:47:38.390338,824.45
O000021,S000182,U01575,2025-09-10 08:33:13.390338,807.23
O000022,S000185,U01610,2025-09-10 06:17:05.390338,991.22
O000023,S000197,U00247,2025-09-11 06:17:06.390338,786.55
O000024,S000198,U00745,2025-09-11 05:05:17.390338,367.43
O000025,S000203,U01736,2025-09-11 17:29:25.390338,431.5
O000026,S000205,U00147,2025-09-11 22:44:53.390338,778.94
O000027,S000210,U00644,2025-09-11 04:09:20.390338,774.54
O000028,S000214,U00945,2025-09-12 00:26:54.390338,446.18
O000029,S000216,U01420,2025-09-11 18:46:31.390338,895.2
O000030,S000218,U01853,2025-09-11 16:26:12.390338,735.68
O000031,S000221,U01240,2025-09-12 03:21:22.390338,173.01
O000032,S000224,U00775,2025-09-11 14:31:39.390338,116.68
O000033,S000228,U00171,2025-09-11 11:30:47.390338,856.19
O000034,S000247,U00972,2025-09-12 03:12:31.390338,348.03
O000035,S000249,U01152,2025-09-11 19:49:59.390338,535.28
O000036,S000255,U01906,2025-09-11 17:18:32.390338,210.89
O000037,S000264,U00092,2025-09-12 01:15:47.390338,849.18
O000038,S000267,U00567,2025-09-11 19:49:42.390338,344.12
O000039,S000281,U00985,2025-09-12 01:43:50.390338,81.11
O000040,S000304,U00878,2025-09-12 17:49:24.390338,931.18
O000041,S000310,U00648,2025-09-12 17:42:53.390338,341.27
O000042,S000316,U01691,2025-09-12 04:13:14.390338,785.96
O000043,S000325,U00122,2025-09-12 17:50:27.390338,147.04
O000044,S000330,U01790,2025-09-13 03:16:04.390338,443.19
O000045,S000336,U00150,2025-09-13 02:02:06.390338,400.74
O000046,S000386,U00276,2025-09-12 12:50:24.390338,385.73
O000047,S000387,U00996,2025-09-13 00:57:51.390338,403.16
O000048,S000388,U00819,2025-09-12 14:58:50.390338,513.3
O000049,S000401,U00845,2025-09-13 02:36:44.390338,577.78
O000050,S000405,U01049,2025-09-12 22:00:42.390338,397.51
O000051,S000427,U00263,2025-09-13 08:12:11.390338,438.22
O000052,S000437,U01928,2025-09-13 14:54:43.390338,816.37
O000053,S000445,U00837,2025-09-13 04:55:00.390338,935.89
O000054,S000486,U00481,2025-09-13 08:06:21.390338,252.44
O000055,S000509,U00843,2025-09-13 04:30:58.390338,976.49
O000056,S000516,U01659,2025-09-13 23:29:06.390338,913.78
O000057,S000517,U00271,2025-09-13 17:36:54.390338,181.85
O000058,S000520,U00511,2025-09-13 16:56:21.390338,300.1
O000059,S000532,U01980,2025-09-14 05:26:41.390338,623.9
O000060,S000544,U00541,2025-09-14 10:39:42.390338,420.67
O000061,S000556,U01500,2025-09-15 00:24:15.390338,763.44
O000062,S000569,U00511,2025-09-14 18:59:07.390338,917.01
O000063,S000583,U01299,2025-09-14 04:41:40.390338,367.76
O000064,S000592,U01512,2025-09-15 00:01:26.390338,881.85
O000065,S000593,U00400,2025-09-14 23:54:49.390338,201.79
O000066,S000595,U00699,2025-09-14 05:39:55.390338,476.58
O000067,S000615,U00355,2025-09-14 07:34:07.390338,954.75
O000068,S000621,U00599,2025-09-14 09:23:27.390338,448.82
O000069,S000622,U00876,2025-09-14 04:27:07.390338,477.47
O000070,S000625,U01716,2025-09-14 10:29:30.390338,405.08
O000071,S000638,U00647,2025-09-15 06:19:48.390338,588.18
O000072,S000642,U01350,2025-09-15 18:51:42.390338,318.72
O000073,S000652,U01160,2025-09-16 02:54:54.390338,277.9
O000074,S000654,U00299,2025-09-15 19:01:12.390338,420.92
O000075,S000656,U01327,2025-09-15 10:02:39.390338,320.19
O000076,S000664,U01440,2025-09-15 22:30:56.390338,535.46
O000077,S000669,U01830,2025-09-16 02:03:27.390338,899.08
O000078,S000683,U00143,2025-09-15 13:18:46.390338,572.79
O000079,S000688,U00691,2025-09-15 10:14:42.390338,120.81
O000080,S000689,U00976,2025-09-15 17:01:44.390338,467.3
O000081,S000699,U01002,2025-09-15 08:18:19.390338,337.47
O000082,S000706,U01670,2025-09-16 03:29:53.390338,963.83
O000083,S000708,U00627,2025-09-16 01:00:49.390338,887.87
O000084,S000714,U00806,2025-09-15 09:17:57.390338,74.18
O000085,S000718,U01323,2025-09-15 11:40:00.390338,143.38
O000086,S000724,U01745,2025-09-16 01:54:06.390338,492.12
O000087,S000747,U00261,2025-09-16 13:05:35.390338,836.02
O000088,S000765,U01142,2025-09-16 19:33:25.390338,582.11
O000089,S000774,U01459,2025-09-16 15:54:56.390338,434.97
O000090,S000776,U01864,2025-09-16 22:12:29.390338,762.07
O000091,S000777,U00799,2025-09-17 01:21:03.390338,75.47
O000092,S000802,U00662,2025-09-16 07:46:59.390338,581.43
O000093,S000803,U01154,2025-09-16 13:19:47.390338,493.06
O000094,S000805,U00447,2025-09-16 23:46:23.390338,286.94
O000095,S000808,U01112,2025-09-16 10:50:39.390338,943.35
O000096,S000811,U01864,2025-09-17 01:18:26.390338,461.54
O000097,S000818,U01312,2025-09-16 23:10:09.390338,511.96
O000098,S000825,U01787,2025-09-16 19:23:49.390338,992.35
O000099,S000831,U01136,2025-09-16 20:08:02.390338,412.23
O000100,S000841,U01839,2025-09-17 18:56:32.390338,154.65
O000101,S000855,U00063,2025-09-17 09:41:30.390338,648.81
O000102,S000863,U00083,2025-09-17 22:01:41.390338,89.74
O000103,S000866,U00264,2025-09-18 00:35:23.390338,139.65
O000104,S000870,U01485,2025-09-17 23:17:41.390338,608.19
O000105,S000873,U00337,2025-09-17 04:04:05.390338,422.78
O000106,S000876,U01660,2025-09-17 13:47:24.390338,496.09
O000107,S000905,U00071,2025-09-17 10:02:08.390338,60.96
O000108,S000910,U01282,2025-09-17 15:02:40.390338,490.51
O000109,S000914,U00197,2025-09-17 05:08:49.390338,647.82
O000110,S000921,U00191,2025-09-17 06:02:54.390338,531.34
O000111,S000923,U00473,2025-09-17 15:33:34.390338,917.65
O000112,S000926,U00755,2025-09-17 12:29:02.390338,575.31
O000113,S000937,U01862,2025-09-17 17:13:16.390338,131.73
O000114,S000944,U01594,2025-09-18 19:43:33.390338,157.94
O000115,S000946,U01436,2025-09-18 06:41:40.390338,743.32
O000116,S000955,U01447,2025-09-18 19:49:32.390338,274.32
O000117,S000956,U01730,2025-09-18 20:02:34.390338,203.55
O000118,S000961,U00646,2025-09-18 09:42:19.390338,824.66
O000119,S000963,U00912,2025-09-18 11:18:12.390338,358.0
O000120,S000967,U01767,2025-09-18 14:51:22.390338,717.46
O000121,S000968,U01752,2025-09-18 15:29:50.390338,189.99
O000122,S000984,U01601,2025-09-18 20:48:55.390338,611.0
O000123,S001006,U00049,2025-09-19 02:37:51.390338,248.74
O000124,S001012,U01481,2025-09-18 09:04:32.390338,602.3
O000125,S001020,U00596,2025-09-18 11:01:55.390338,478.6
O000126,S001021,U01541,2025-09-18 06:45:48.390338,135.18
O000127,S001028,U01912,2025-09-18 07:20:16.390338,819.02
O000128,S001029,U00065,2025-09-18 13:34:09.390338,750.36
O000129,S001041,U01225,2025-09-20 02:03:09.390338,56.21
O000130,S001054,U01636,2025-09-20 02:31:23.390338,496.0
O000131,S001066,U01484,2025-09-19 04:26:48.390338,785.09
O000132,S001068,U00475,2025-09-19 09:51:29.390338,509.85
O000133,S001071,U01958,2025-09-19 12:19:49.390338,671.41
O000134,S001101,U00021,2025-09-19 12:27:52.390338,864.33
O000135,S001103,U00555,2025-09-19 09:27:53.390338,633.04
O000136,S001119,U01440,2025-09-19 15:39:22.390338,911.37
O000137,S001121,U01340,2025-09-19 09:09:38.390338,795.21
O000138,S001125,U01605,2025-09-19 20:03:19.390338,920.57
O000139,S001129,U00851,2025-09-20 00:19:14.390338,581.85
O000140,S001138,U01026,2025-09-20 07:17:10.390338,554.66
O000141,S001150,U01078,2025-09-20 23:00:03.390338,859.23
O000142,S001153,U00846,2025-09-20 16:43:51.390338,776.08
O000143,S001177,U01475,2025-09-20 08:15:41.390338,418.56
O000144,S001181,U01365,2025-09-21 02:00:51.390338,108.87
O000145,S001184,U00671,2025-09-20 04:02:24.390338,420.34
O000146,S001186,U00231,2025-09-20 16:52:11.390338,124.2
O000147,S001189,U00011,2025-09-20 23:41:26.390338,154.68
O000148,S001194,U01046,2025-09-20 09:36:18.390338,333.39
O000149,S001200,U00694,2025-09-20 12:59:41.390338,619.19
O000150,S001204,U00369,2025-09-20 06:43:22.390338,585.15
O000151,S001213,U01027,2025-09-20 12:25:38.390338,465.06
O000152,S001223,U00609,2025-09-20 21:49:34.390338,265.24
O000153,S001230,U00184,2025-09-20 12:56:13.390338,908.64
O000154,S001234,U00508,2025-09-21 00:25:33.390338,588.36
O000155,S001243,U00702,2025-09-20 09:23:14.390338,942.87
O000156,S001249,U00220,2025-09-21 15:39:21.390338,596.14
O000157,S001256,U00716,2025-09-21 15:07:37.390338,688.53
O000158,S001260,U00191,2025-09-21 19:05:28.390338,265.39
O000159,S001276,U00964,2025-09-21 07:14:34.390338,770.61
O000160,S001282,U00052,2025-09-21 19:35:30.390338,964.88
O000161,S001299,U00713,2025-09-22 03:48:44.390338,255.38
O000162,S001316,U01335,2025-09-21 04:26:31.390338,551.72
O000163,S001342,U00219,2025-09-22 13:55:00.390338,558.78
O000164,S001352,U00037,2025-09-22 04:30:55.390338,707.8
O000165,S001360,U00884,2025-09-22 21:37:37.390338,246.45
O000166,S001367,U00728,2025-09-23 01:29:36.390338,596.88
O000167,S001382,U00169,2025-09-22 17:53:51.390338,303.99
O000168,S001387,U01362,2025-09-22 13:08:53.390338,896.58
O000169,S001388,U00496,2025-09-22 23:00:20.390338,209.56
O000170,S001391,U01837,2025-09-23 02:22:03.390338,864.33
O000171,S001400,U01397,2025-09-22 22:56:49.390338,683.72
O000172,S001406,U00527,2025-09-22 23:19:07.390338,534.01
O000173,S001436,U00540,2025-09-24 01:16:53.390338,587.38
O000174,S001439,U01477,2025-09-23 09:28:11.390338,206.75
O000175,S001442,U00840,2025-09-23 04:50:19.390338,785.07
O000176,S001460,U00274,2025-09-23 19:33:34.390338,848.05
O000177,S001465,U01694,2025-09-23 10:32:10.390338,344.13
O000178,S001466,U00036,2025-09-23 13:33:31.390338,302.74
O000179,S001468,U01941,2025-09-23 13:00:34.390338,833.3
O000180,S001475,U01719,2025-09-23 21:23:52.390338,850.09
O000181,S001476,U00241,2025-09-24 03:52:10.390338,841.13
O000182,S001488,U01848,2025-09-23 12:28:58.390338,399.26
O000183,S001498,U00725,2025-09-24 01:56:01.390338,403.42
O000184,S001499,U00052,2025-09-23 05:59:10.390338,80.28
O000185,S001507,U01404,2025-09-23 18:42:01.390338,378.28
O000186,S001515,U01122,2025-09-23 16:36:33.390338,788.13
O000187,S001517,U00985,2025-09-23 15:20:35.390338,612.07
O000188,S001523,U00196,2025-09-24 15:55:50.390338,374.41
O000189,S001532,U00910,2025-09-24 22:10:30.390338,158.32
O000190,S001539,U01620,2025-09-24 22:14:57.390338,601.69
O000191,S001546,U00031,2025-09-25 00:04:35.390338,657.71
O000192,S001549,U00965,2025-09-25 02:24:42.390338,278.66
O000193,S001553,U00261,2025-09-24 10:17:37.390338,87.81
O000194,S001557,U01474,2025-09-24 15:21:00.390338,315.53
O000195,S001561,U01925,2025-09-24 23:35:08.390338,52.96
O000196,S001562,U00073,2025-09-24 06:09:09.390338,402.81
O000197,S001563,U01286,2025-09-24 14:27:40.390338,551.85
O000198,S001565,U00228,2025-09-24 17:57:06.390338,500.77
O000199,S001576,U01368,2025-09-24 16:07:00.390338,599.13
O000200,S001579,U01885,2025-09-24 11:24:04.390338,718.5
O000201,S001586,U00905,2025-09-24 08:34:47.390338,777.81
O000202,S001588,U01864,2025-09-24 17:34:01.390338,487.22
O000203,S001592,U00430,2025-09-24 04:17:19.390338,417.87
O000204,S001593,U00211,2025-09-24 17:52:51.390338,224.37
O000205,S001596,U00840,2025-09-25 02:51:38.390338,944.08
O000206,S001603,U00067,2025-09-24 19:17:31.390338,822.04
O000207,S001605,U01014,2025-09-24 19:32:32.390338,406.33
O000208,S001611,U01129,2025-09-24 07:14:38.390338,283.02
O000209,S001617,U01117,2025-09-25 21:30:50.390338,556.46
O000210,S001622,U00954,2025-09-25 15:31:02.390338,563.86
O000211,S001625,U00965,2025-09-25 05:18:26.390338,994.73
O000212,S001632,U01351,2025-09-25 17:37:18.390338,526.7
O000213,S001641,U00808,2025-09-25 08:36:46.390338,726.21
O000214,S001647,U00424,2025-09-25 10:50:26.390338,461.55
O000215,S001659,U01191,2025-09-25 07:26:31.390338,683.48
O000216,S001667,U01596,2025-09-25 15:37:21.390338,388.59
O000217,S001676,U00844,2025-09-25 11:11:33.390338,917.36
O000218,S001680,U01845,2025-09-25 20:56:08.390338,758.63
O000219,S001681,U00103,2025-09-25 15:24:08.390338,153.27
O000220,S001693,U01243,2025-09-25 06:55:00.390338,997.9
O000221,S001710,U01319,2025-09-26 13:31:27.390338,799.13
O000222,S001713,U00339,2025-09-27 02:54:55.390338,742.36
O000223,S001715,U00184,2025-09-26 16:56:11.390338,757.43
O000224,S001718,U00545,2025-09-26 03:46:58.390338,612.99
O000225,S001733,U00630,2025-09-26 21:50:55.390338,442.44
O000226,S001737,U00001,2025-09-26 10:40:02.390338,378.85
O000227,S001738,U00255,2025-09-26 04:56:08.390338,378.59
O000228,S001742,U00705,2025-09-26 23:04:30.390338,392.54
O000229,S001773,U01486,2025-09-26 04:36:32.390338,253.43
O000230,S001785,U01395,2025-09-26 18:55:30.390338,570.75
O000231,S001807,U01787,2025-09-28 00:28:37.390338,70.42
O000232,S001812,U01218,2025-09-27 10:46:06.390338,312.74
O000233,S001824,U01233,2025-09-27 14:57:36.390338,606.45
O000234,S001827,U01413,2025-09-27 07:47:57.390338,903.0
O000235,S001836,U01861,2025-09-27 08:08:33.390338,556.2
O000236,S001839,U00261,2025-09-27 10:32:14.390338,831.18
O000237,S001842,U00666,2025-09-27 19:18:48.390338,553.16
O000238,S001845,U01834,2025-09-27 19:36:18.390338,796.32
O000239,S001855,U00381,2025-09-28 01:29:21.390338,979.3
O000240,S001864,U00768,2025-09-27 22:48:52.390338,155.5
O000241,S001868,U00939,2025-09-27 07:44:55.390338,755.3
O000242,S001888,U01294,2025-09-27 10:40:27.390338,650.46
O000243,S001889,U01180,2025-09-28 02:22:19.390338,277.59
O000244,S001890,U00578,2025-09-27 11:32:12.390338,136.32
O000245,S001899,U01034,2025-09-28 20:25:14.390338,906.85
O000246,S001902,U00269,2025-09-28 17:23:41.390338,512.91
O000247,S001905,U01686,2025-09-28 06:59:01.390338,656.54
O000248,S001909,U01235,2025-09-28 20:50:31.390338,819.76
O000249,S001912,U00872,2025-09-29 00:02:11.390338,686.24
O000250,S001919,U01618,2025-09-28 05:44:12.390338,447.07
O000251,S001928,U00538,2025-09-29 03:36:04.390338,404.29
O000252,S001934,U00909,2025-09-28 06:25:51.390338,322.36
O000253,S001936,U01707,2025-09-28 16:16:36.390338,553.38
O000254,S001956,U01436,2025-09-28 04:14:46.390338,973.85
O000255,S001967,U01910,2025-09-28 05:12:06.390338,927.36
O000256,S001984,U00220,2025-09-28 04:15:17.390338,859.7
O000257,S001989,U00646,2025-09-29 04:16:02.390338,255.5
O000258,S001997,U01470,2025-09-29 14:04:30.390338,679.15
O000259,S002002,U00504,2025-09-29 22:45:44.390338,538.3
O000260,S002011,U00154,2025-09-29 08:05:34.390338,604.88
O000261,S002017,U00842,2025-09-29 20:33:51.390338,680.5
O000262,S002085,U01293,2025-09-29 13:42:12.390338,629.63
O000263,S002096,U01887,2025-09-30 18:07:03.390338,259.06
O000264,S002100,U00041,2025-09-30 10:24:13.390338,405.76
O000265,S002101,U00061,2025-10-01 02:35:33.390338,362.22
O000266,S002103,U00434,2025-10-01 01:39:07.390338,586.48
O000267,S002104,U00600,2025-09-30 09:52:18.390338,901.72
O000268,S002105,U00342,2025-09-30 13:32:19.390338,985.57
O000269,S002110,U00099,2025-09-30 05:08:17.390338,591.02
O000270,S002111,U00222,2025-09-30 07:02:33.390338,916.19
O000271,S002114,U01077,2025-09-30 19:54:41.390338,651.09
O000272,S002119,U00981,2025-09-30 11:20:23.390338,832.0
O000273,S002120,U00385,2025-09-30 06:36:57.390338,811.99
O000274,S002124,U00241,2025-10-01 02:45:21.390338,950.37
O000275,S002125,U01803,2025-09-30 07:39:02.390338,331.13
O000276,S002127,U01409,2025-09-30 08:39:43.390338,879.18
O000277,S002129,U00231,2025-09-30 20:14:12.390338,64.31
O000278,S002130,U00380,2025-09-30 20:34:23.390338,949.32
O000279,S002135,U01526,2025-09-30 09:48:10.390338,216.35
O000280,S002144,U01293,2025-09-30 22:20:29.390338,777.58
O000281,S002168,U00013,2025-10-01 01:34:54.390338,913.55
O000282,S002178,U00726,2025-09-30 08:13:40.390338,226.22
O000283,S002194,U01266,2025-10-01 14:01:08.390338,318.29
O000284,S002204,U00287,2025-10-02 03:35:44.390338,589.58
O000285,S002210,U01835,2025-10-01 10:27:31.390338,130.86
O000286,S002212,U01969,2025-10-01 18:26:00.390338,54.17
O000287,S002220,U00726,2025-10-01 22:36:55.390338,862.96
O000288,S002222,U00936,2025-10-01 23:35:27.390338,739.9
O000289,S002224,U00511,2025-10-01 14:10:43.390338,315.4
O000290,S002225,U00550,2025-10-02 01:36:46.390338,779.42
O000291,S002228,U00749,2025-10-01 16:48:58.390338,907.11
O000292,S002236,U01323,2025-10-01 09:32:00.390338,201.59
O000293,S002242,U00232,2025-10-01 09:14:37.390338,556.51
O000294,S002246,U00749,2025-10-01 10:54:19.390338,834.87
O000295,S002250,U00758,2025-10-01 15:44:21.390338,218.11
O000296,S002280,U00313,2025-10-01 14:50:45.390338,977.84
O000297,S002282,U01455,2025-10-01 08:05:39.390338,524.97
O000298,S002287,U01090,2025-10-02 00:28:27.390338,849.88
O000299,S002288,U01068,2025-10-02 01:57:18.390338,448.73
O000300,S002291,U01466,2025-10-01 06:15:00.390338,796.12
O000301,S002295,U01321,2025-10-02 17:57:53.390338,486.52
O000302,S002299,U00150,2025-10-02 19:31:10.390338,567.71
O000303,S002303,U00498,2025-10-02 09:46:35.390338,506.4
O000304,S002308,U01349,2025-10-02 10:23:44.390338,571.19
O000305,S002311,U00688,2025-10-02 05:14:50.390338,974.29
O000306,S002322,U00433,2025-10-02 12:28:51.390338,380.55
O000307,S002337,U01838,2025-10-02 14:41:30.390338,787.0
O000308,S002339,U01271,2025-10-02 16:10:21.390338,173.98
O000309,S002348,U01033,2025-10-02 21:37:52.390338,860.5
O000310,S002355,U00757,2025-10-02 13:20:31.390338,930.01
O000311,S002358,U00221,2025-10-02 20:37:06.390338,859.82
O000312,S002359,U01091,2025-10-02 23:39:11.390338,533.24
O000313,S002362,U01431,2025-10-02 20:00:14.390338,293.53
O000314,S002366,U01673,2025-10-02 15:40:25.390338,687.26
O000315,S002386,U00061,2025-10-02 19:34:33.390338,559.14
O000316,S002390,U01468,2025-10-02 10:13:22.390338,132.47
O000317,S002396,U01864,2025-10-03 01:00:29.390338,368.8
O000318,S002400,U01665,2025-10-03 11:56:43.390338,640.21
O000319,S002409,U00962,2025-10-03 11:24:22.390338,699.3
O000320,S002414,U01700,2025-10-03 14:13:16.390338,785.93
O000321,S002420,U00613,2025-10-03 09:19:41.390338,907.28
O000322,S002425,U01358,2025-10-03 19:25:07.390338,737.55
O000323,S002427,U00739,2025-10-04 00:14:17.390338,232.4
O000324,S002436,U00438,2025-10-03 19:06:49.390338,953.45
O000325,S002438,U01433,2025-10-04 01:02:47.390338,822.05
O000326,S002442,U01463,2025-10-03 13:11:14.390338,946.82
O000327,S002469,U01462,2025-10-04 02:34:20.390338,456.83
O000328,S002481,U00897,2025-10-04 02:04:43.390338,911.2
O000329,S002491,U00395,2025-10-03 22:52:00.390338,958.74
O000330,S002496,U01240,2025-10-03 16:06:22.390338,357.54
O000331,S002512,U00685,2025-10-03 23:33:58.390338,582.52
O000332,S002522,U01264,2025-10-05 01:32:58.390338,139.14
O000333,S002523,U00413,2025-10-04 09:28:35.390338,665.36
O000334,S002526,U00616,2025-10-04 19:21:47.390338,445.91
O000335,S002533,U01408,2025-10-04 23:19:10.390338,377.2
O000336,S002545,U00958,2025-10-04 14:49:45.390338,784.88
O000337,S002548,U01851,2025-10-04 12:18:54.390338,896.26
O000338,S002552,U00413,2025-10-05 02:14:06.390338,701.37
O000339,S002577,U00537,2025-10-04 15:15:09.390338,247.3
O000340,S002578,U00731,2025-10-04 04:22:44.390338,675.05
O000341,S002582,U00046,2025-10-04 16:48:42.390338,714.86
O000342,S002584,U00666,2025-10-04 12:05:27.390338,589.65
O000343,S002587,U01329,2025-10-04 08:26:54.390338,684.1
O000344,S002599,U01073,2025-10-04 11:07:10.390338,416.22
O000345,S002604,U00991,2025-10-05 20:49:03.390338,740.66
O000346,S002605,U01323,2025-10-05 05:04:02.390338,346.52
O000347,S002610,U00653,2025-10-05 18:53:51.390338,131.91
O000348,S002612,U01568,2025-10-05 14:13:10.390338,594.96
O000349,S002614,U01724,2025-10-05 13:18:36.390338,804.28
O000350,S002621,U01733,2025-10-05 05:46:08.390338,675.34
O000351,S002622,U00300,2025-10-05 10:44:01.390338,733.51
O000352,S002627,U00334,2025-10-05 15:34:26.390338,900.35
O000353,S002632,U00927,2025-10-05 08:06:20.390338,696.25
O000354,S002633,U01317,2025-10-05 14:28:22.390338,61.96
O000355,S002636,U00225,2025-10-05 06:49:46.390338,648.33
O000356,S002639,U00998,2025-10-06 01:01:19.390338,318.68
O000357,S002647,U01018,2025-10-05 03:45:49.390338,751.79
O000358,S002648,U01298,2025-10-05 11:29:26.390338,301.94
O000359,S002661,U00557,2025-10-05 08:46:39.390338,483.5
O000360,S002670,U01772,2025-10-05 06:29:21.390338,74.64
O000361,S002671,U01368,2025-10-05 16:00:20.390338,125.5
O000362,S002677,U00882,2025-10-05 21:55:29.390338,80.19
O000363,S002688,U00580,2025-10-05 22:09:44.390338,912.8
O000364,S002701,U01045,2025-10-05 22:29:26.390338,795.41
O000365,S002706,U01797,2025-10-05 04:45:50.390338,453.62
O000366,S002709,U01947,2025-10-05 09:42:54.390338,357.09
O000367,S002718,U01034,2025-10-06 23:38:22.390338,276.59
O000368,S002726,U01957,2025-10-06 21:11:56.390338,795.37
O000369,S002754,U01624,2025-10-06 15:12:51.390338,862.07
O000370,S002761,U00852,2025-10-06 21:59:41.390338,99.62
O000371,S002770,U00586,2025-10-07 01:16:17.390338,441.98
O000372,S002772,U00932,2025-10-07 03:01:23.390338,993.56
O000373,S002792,U00230,2025-10-07 02:39:54.390338,658.25
O000374,S002798,U01031,2025-10-06 16:13:24.390338,750.42
O000375,S002800,U01405,2025-10-06 05:14:10.390338,772.0
O000376,S002805,U00369,2025-10-07 02:21:06.390338,572.33
O000377,S002808,U00102,2025-10-06 03:59:59.390338,567.29
O000378,S002822,U00229,2025-10-07 13:14:00.390338,864.88
O000379,S002833,U01033,2025-10-07 18:25:08.390338,251.39
O000380,S002840,U01284,2025-10-07 17:58:14.390338,411.81
O000381,S002843,U01773,2025-10-07 07:51:09.390338,51.79
O000382,S002855,U01929,2025-10-08 02:06:47.390338,436.78
O000383,S002864,U01098,2025-10-07 06:24:17.390338,756.88
O000384,S002865,U01528,2025-10-08 01:43:19.390338,382.8
O000385,S002874,U01352,2025-10-07 19:07:35.390338,420.55
O000386,S002878,U01228,2025-10-07 07:48:16.390338,386.75
O000387,S002880,U00442,2025-10-07 18:58:07.390338,753.83
O000388,S002884,U01844,2025-10-07 03:57:23.390338,64.97
O000389,S002888,U01437,2025-10-07 04:21:33.390338,716.07
O000390,S002890,U00576,2025-10-07 19:22:52.390338,764.45
O000391,S002892,U01819,2025-10-08 01:01:14.390338,902.61
O000392,S002895,U00715,2025-10-07 04:00:51.390338,187.72
O000393,S002899,U00862,2025-10-07 08:56:29.390338,382.49
O000394,S002914,U00452,2025-10-08 09:34:52.390338,932.11
O000395,S002916,U00711,2025-10-08 16:40:24.390338,901.17
O000396,S002922,U00826,2025-10-08 21:42:09.390338,475.07
O000397,S002925,U00409,2025-10-08 20:06:36.390338,358.66
O000398,S002940,U01622,2025-10-08 21:42:53.390338,928.29
O000399,S002951,U00815,2025-10-09 03:07:21.390338,389.64
O000400,S002952,U01097,2025-10-08 18:06:15.390338,216.97
O000401,S002975,U01306,2025-10-08 21:43:33.390338,444.27
O000402,S002979,U01012,2025-10-08 05:38:41.390338,815.46
O000403,S002988,U00480,2025-10-08 16:52:24.390338,268.6
O000404,S002998,U01890,2025-10-08 15:44:32.390338,84.95
O000405,S003000,U01240,2025-10-08 04:01:57.390338,417.54
O000406,S003003,U01984,2025-10-08 09:27:51.390338,465.45
O000407,S003006,U01760,2025-10-09 05:54:40.390338,697.23
O000408,S003009,U00312,2025-10-09 22:35:46.390338,51.41
O000409,S003018,U01793,2025-10-09 18:39:40.390338,436.75
O000410,S003036,U01587,2025-10-09 11:52:52.390338,532.15
O000411,S003043,U01245,2025-10-09 12:00:03.390338,287.74
O000412,S003061,U00455,2025-10-09 15:35:33.390338,557.68
O000413,S003062,U00238,2025-10-09 09:05:31.390338,875.78
O000414,S003102,U01651,2025-10-10 15:44:06.390338,664.08
O000415,S003104,U00874,2025-10-10 07:51:52.390338,840.65
O000416,S003105,U00130,2025-10-11 02:04:13.390338,581.05
O000417,S003121,U00027,2025-10-10 05:43:33.390338,690.91
O000418,S003124,U00116,2025-10-10 06:55:06.390338,548.49
O000419,S003128,U01410,2025-10-11 00:56:00.390338,842.45
O000420,S003137,U00120,2025-10-10 20:39:49.390338,138.15
O000421,S003140,U00633,2025-10-10 18:58:19.390338,154.01
O000422,S003143,U01672,2025-10-10 14:26:07.390338,739.67
O000423,S003147,U00302,2025-10-10 11:16:38.390338,959.73
O000424,S003149,U01859,2025-10-11 02:04:59.390338,441.33
O000425,S003166,U01647,2025-10-10 10:19:40.390338,877.48
O000426,S003167,U01630,2025-10-10 11:11:08.390338,163.93
O000427,S003175,U00731,2025-10-10 06:00:03.390338,990.54
O000428,S003177,U00058,2025-10-10 23:42:28.390338,645.01
O000429,S003190,U01701,2025-10-11 19:46:59.390338,801.1
O000430,S003198,U00130,2025-10-12 02:29:29.390338,83.07
O000431,S003200,U01600,2025-10-11 12:39:51.390338,825.51
O000432,S003202,U00219,2025-10-12 02:56:47.390338,285.67
O000433,S003210,U00785,2025-10-11 08:00:13.390338,210.09
O000434,S003213,U01214,2025-10-11 04:39:07.390338,531.02
O000435,S003219,U01533,2025-10-12 03:28:42.390338,787.94
O000436,S003220,U01763,2025-10-11 18:15:39.390338,748.16
O000437,S003232,U01072,2025-10-11 08:35:33.390338,54.8
O000438,S003233,U01055,2025-10-12 02:22:08.390338,603.93
O000439,S003250,U00885,2025-10-11 16:17:35.390338,91.56
O000440,S003253,U01181,2025-10-11 19:10:18.390338,375.84
O000441,S003255,U01284,2025-10-12 01:43:44.390338,776.56
O000442,S003259,U01873,2025-10-11 23:37:12.390338,370.25
O000443,S003269,U01640,2025-10-11 22:16:52.390338,112.32
O000444,S003271,U00359,2025-10-11 09:47:37.390338,406.15
O000445,S003283,U00884,2025-10-11 16:29:03.390338,631.83
O000446,S003284,U00364,2025-10-11 17:17:51.390338,226.76
O000447,S003290,U00366,2025-10-11 13:49:56.390338,118.27
O000448,S003294,U00689,2025-10-11 12:39:53.390338,609.02
O000449,S003297,U00533,2025-10-11 08:09:26.390338,847.01
O000450,S003308,U01109,2025-10-12 19:41:27.390338,831.03
O000451,S003315,U01399,2025-10-13 01:25:52.390338,971.0
O000452,S003326,U00277,2025-10-12 09:48:07.390338,82.71
O000453,S003332,U00499,2025-10-12 12:19:06.390338,891.58
O000454,S003334,U00131,2025-10-12 21:41:44.390338,453.5
O000455,S003335,U01726,2025-10-12 23:57:34.390338,806.89
O000456,S003341,U00809,2025-10-12 15:29:59.390338,617.17
O000457,S003352,U01518,2025-10-12 15:46:59.390338,704.5
O000458,S003365,U00127,2025-10-12 15:54:38.390338,737.06
O000459,S003369,U00114,2025-10-12 09:27:43.390338,59.69
O000460,S003371,U01643,2025-10-12 09:35:43.390338,738.13
O000461,S003372,U00708,2025-10-12 16:08:52.390338,935.64
O000462,S003380,U01399,2025-10-12 13:23:39.390338,225.16
O000463,S003392,U01002,2025-10-12 05:19:19.390338,421.97
O000464,S003400,U01969,2025-10-12 17:12:00.390338,857.05
O000465,S003414,U00051,2025-10-13 11:31:58.390338,129.83
O000466,S003416,U00776,2025-10-13 05:37:34.390338,938.38
O000467,S003417,U00224,2025-10-13 14:59:31.390338,914.93
O000468,S003420,U01126,2025-10-13 14:00:21.390338,849.0
O000469,S003428,U00235,2025-10-13 21:24:25.390338,170.47
O000470,S003432,U01494,2025-10-13 09:44:34.390338,532.11
O000471,S003442,U00572,2025-10-13 18:25:11.390338,289.3
O000472,S003444,U00723,2025-10-13 18:40:19.390338,806.46
O000473,S003447,U01304,2025-10-13 11:23:37.390338,276.46
O000474,S003463,U00868,2025-10-13 19:41:22.390338,212.14
O000475,S003467,U00264,2025-10-13 16:45:03.390338,662.64
O000476,S003472,U00239,2025-10-13 06:48:52.390338,931.6
O000477,S003473,U00356,2025-10-13 15:31:48.390338,504.17
O000478,S003485,U01793,2025-10-14 03:39:52.390338,137.69
O000479,S003495,U00816,2025-10-14 18:46:06.390338,850.0
O000480,S003496,U01288,2025-10-14 14:51:43.390338,277.1
O000481,S003510,U00866,2025-10-15 03:12:40.390338,777.17
O000482,S003518,U00456,2025-10-14 19:15:35.390338,345.42
O000483,S003520,U01511,2025-10-14 14:07:03.390338,873.67
O000484,S003521,U00001,2025-10-14 15:43:16.390338,417.2
O000485,S003524,U01680,2025-10-14 23:52:04.390338,558.78
O000486,S003548,U01731,2025-10-14 22:42:46.390338,941.02
O000487,S003552,U01084,2025-10-14 13:23:01.390338,751.52
O000488,S003556,U00640,2025-10-14 04:11:30.390338,702.28
O000489,S003584,U00727,2025-10-14 19:12:52.390338,658.13
O000490,S003585,U00829,2025-10-14 23:01:58.390338,691.48
O000491,S003587,U00813,2025-10-14 10:43:03.390338,598.31
O000492,S003597,U01508,2025-10-15 23:09:30.390338,563.77
O000493,S003599,U00387,2025-10-15 22:28:22.390338,326.42
O000494,S003605,U00357,2025-10-15 15:53:32.390338,237.09
O000495,S003606,U00167,2025-10-15 18:47:50.390338,879.53
O000496,S003609,U01382,2025-10-15 23:02:24.390338,715.14
O000497,S003610,U00977,2025-10-15 20:54:47.390338,888.45
O000498,S003625,U00579,2025-10-15 16:54:59.390338,997.37
O000499,S003634,U01876,2025-10-15 14:00:31.390338,243.09
O000500,S003635,U00737,2025-10-16 00:43:23.390338,963.41
O000501,S003636,U00882,2025-10-15 04:38:53.390338,762.77
O000502,S003643,U00027,2025-10-15 09:18:22.390338,774.76
O000503,S003667,U00073,2025-10-15 21:49:05.390338,438.98
O000504,S003670,U00188,2025-10-15 22:46:16.390338,215.17
O000505,S003674,U00839,2025-10-15 13:46:27.390338,715.26
O000506,S003679,U01502,2025-10-16 03:34:44.390338,902.06
O000507,S003681,U01428,2025-10-16 02:11:36.390338,418.61
O000508,S003685,U01430,2025-10-15 12:54:24.390338,535.1
O000509,S003697,U01774,2025-10-16 22:18:17.390338,957.32
O000510,S003699,U00016,2025-10-16 19:41:13.390338,63.28
O000511,S003702,U00580,2025-10-17 01:57:16.390338,473.81
O000512,S003704,U01616,2025-10-16 03:46:31.390338,797.53
O000513,S003708,U00834,2025-10-16 15:31:51.390338,446.11
O000514,S003717,U00766,2025-10-16 22:10:45.390338,351.88
O000515,S003721,U01245,2025-10-16 22:32:28.390338,643.55
O000516,S003727,U01331,2025-10-16 21:40:06.390338,292.21
O000517,S003745,U00783,2025-10-16 22:35:40.390338,934.27
O000518,S003763,U01854,2025-10-16 12:40:24.390338,259.41
O000519,S003772,U00691,2025-10-17 09:14:50.390338,644.18
O000520,S003773,U00940,2025-10-17 12:59:47.390338,944.34
O000521,S003780,U00779,2025-10-17 08:15:56.390338,434.08
O000522,S003781,U01695,2025-10-17 18:51:09.390338,410.11
O000523,S003787,U01840,2025-10-17 07:14:29.390338,621.89
O000524,S003794,U01766,2025-10-17 19:19:31.390338,765.35
O000525,S003808,U01084,2025-10-17 21:28:04.390338,841.26
O000526,S003813,U00373,2025-10-17 21:44:35.390338,377.13
O000527,S003818,U00411,2025-10-17 13:34:08.390338,198.27
O000528,S003822,U00336,2025-10-17 04:31:31.390338,176.77
O000529,S003823,U01383,2025-10-17 15:30:29.390338,272.71
O000530,S003854,U00207,2025-10-18 02:40:43.390338,763.08
O000531,S003866,U01350,2025-10-19 02:11:28.390338,587.61
O000532,S003890,U01565,2025-10-18 05:18:15.390338,987.0
O000533,S003901,U00638,2025-10-18 17:10:06.390338,902.0
O000534,S003906,U01974,2025-10-18 04:50:33.390338,849.26
O000535,S003917,U00337,2025-10-18 22:18:48.390338,330.79
O000536,S003927,U00399,2025-10-18 21:14:41.390338,523.88
O000537,S003928,U00705,2025-10-19 01:43:11.390338,781.26
O000538,S003930,U01614,2025-10-18 10:42:53.390338,517.2
O000539,S003931,U01756,2025-10-18 20:10:14.390338,615.03
O000540,S003936,U00698,2025-10-18 13:59:18.390338,885.99
O000541,S003939,U01060,2025-10-19 01:23:42.390338,441.01
O000542,S003944,U00979,2025-10-18 16:13:17.390338,553.79
O000543,S003955,U00969,2025-10-18 04:21:54.390338,765.76
O000544,S003960,U00653,2025-10-18 06:29:39.390338,915.04
O000545,S003961,U01111,2025-10-19 03:15:11.390338,65.52
O000546,S003966,U01431,2025-10-18 12:02:57.390338,707.47
O000547,S003969,U00895,2025-10-19 00:22:49.390338,646.75
O000548,S003974,U00553,2025-10-19 07:48:01.390338,103.03
O000549,S003975,U00127,2025-10-19 23:24:46.390338,934.55
O000550,S003980,U01843,2025-10-19 13:37:56.390338,508.53
O000551,S003981,U01085,2025-10-19 15:48:47.390338,650.66
O000552,S003988,U01543,2025-10-19 15:41:43.390338,249.75
O000553,S003990,U01393,2025-10-19 19:59:38.390338,104.86
O000554,S003992,U00137,2025-10-19 12:08:22.390338,574.76
O000555,S003996,U00784,2025-10-19 13:33:44.390338,841.66
O000556,S004005,U01334,2025-10-20 00:47:09.390338,144.92
O000557,S004006,U01823,2025-10-19 12:04:39.390338,967.59
O000558,S004007,U00836,2025-10-19 23:17:57.390338,477.98
O000559,S004022,U00859,2025-10-19 05:48:18.390338,714.91
O000560,S004028,U00211,2025-10-19 14:05:09.390338,700.26
O000561,S004037,U00967,2025-10-19 16:32:11.390338,563.67
O000562,S004043,U01754,2025-10-20 03:31:09.390338,277.75
O000563,S004045,U00732,2025-10-19 08:32:46.390338,712.21
O000564,S004060,U01080,2025-10-19 05:41:52.390338,797.58
O000565,S004062,U00212,2025-10-19 19:36:09.390338,886.63
O000566,S004065,U00819,2025-10-19 14:27:28.390338,896.14
O000567,S004074,U00223,2025-10-20 07:29:25.390338,688.98
O000568,S004083,U01989,2025-10-20 23:38:21.390338,673.89
O000569,S004087,U01226,2025-10-20 09:58:46.390338,948.37
O000570,S004089,U01424,2025-10-20 04:41:44.390338,225.59
O000571,S004094,U00201,2025-10-21 01:38:49.390338,468.13
O000572,S004095,U01604,2025-10-20 15:13:10.390338,50.99
O000573,S004096,U00066,2025-10-20 15:32:33.390338,93.88
O000574,S004099,U01587,2025-10-20 05:39:03.390338,265.37
O000575,S004100,U01135,2025-10-20 08:18:14.390338,607.52
O000576,S004104,U00499,2025-10-21 00:29:58.390338,711.01
O000577,S004113,U00958,2025-10-20 08:49:36.390338,796.9
O000578,S004116,U00609,2025-10-21 00:24:15.390338,773.78
O000579,S004133,U00440,2025-10-20 18:21:51.390338,463.34
O000580,S004136,U01311,2025-10-20 09:05:07.390338,457.74
O000581,S004141,U00477,2025-10-20 18:53:35.390338,377.77
O000582,S004144,U00395,2025-10-20 05:00:26.390338,926.56
O000583,S004150,U01228,2025-10-20 15:47:46.390338,460.84
O000584,S004156,U01153,2025-10-20 22:47:21.390338,574.95
O000585,S004157,U00797,2025-10-21 01:23:52.390338,646.21
O000586,S004161,U01835,2025-10-21 02:23:13.390338,611.19
O000587,S004171,U00714,2025-10-21 05:06:28.390338,139.99
O000588,S004174,U01701,2025-10-21 20:24:35.390338,393.05
O000589,S004177,U01135,2025-10-21 05:20:33.390338,731.3
O000590,S004179,U01742,2025-10-21 12:10:32.390338,540.65
O000591,S004194,U00143,2025-10-21 16:01:57.390338,192.14
O000592,S004197,U01243,2025-10-21 05:02:30.390338,915.84
O000593,S004201,U01105,2025-10-21 22:48:18.390338,293.13
O000594,S004203,U01862,2025-10-22 01:10:42.390338,607.6
O000595,S004207,U01676,2025-10-21 21:04:13.390338,693.19
O000596,S004209,U01131,2025-10-21 16:18:42.390338,677.5
O000597,S004222,U01022,2025-10-21 13:16:50.390338,579.3
O000598,S004223,U01597,2025-10-21 21:44:19.390338,144.92
O000599,S004224,U01908,2025-10-21 09:02:03.390338,76.97
O000600,S004233,U01408,2025-10-21 21:04:09.390338,645.51
O000601,S004251,U01140,2025-10-21 14:56:09.390338,950.01
O000602,S004253,U00654,2025-10-21 08:06:23.390338,603.18
O000603,S004255,U01966,2025-10-21 08:16:17.390338,992.9
O000604,S004257,U01378,2025-10-21 19:50:53.390338,505.5
O000605,S004261,U01016,2025-10-22 15:15:25.390338,341.81
O000606,S004267,U00928,2025-10-22 23:57:08.390338,798.31
O000607,S004270,U00269,2025-10-22 08:14:38.390338,930.2
O000608,S004273,U01942,2025-10-22 04:49:51.390338,338.81
O000609,S004284,U01977,2025-10-22 22:56:39.390338,330.18
O000610,S004287,U01043,2025-10-22 18:58:13.390338,235.05
O000611,S004320,U01199,2025-10-22 06:48:06.390338,122.1
O000612,S004322,U01343,2025-10-22 05:26:32.390338,885.22
O000613,S004328,U00894,2025-10-22 11:58:57.390338,676.83
O000614,S004340,U01384,2025-10-23 05:25:07.390338,247.17
O000615,S004344,U00770,2025-10-23 15:42:16.390338,266.01
O000616,S004346,U01150,2025-10-23 22:59:11.390338,419.48
O000617,S004348,U00268,2025-10-23 18:53:02.390338,77.57
O000618,S004359,U00625,2025-10-23 12:08:27.390338,737.82
O000619,S004361,U01886,2025-10-23 18:06:33.390338,209.36
O000620,S004363,U00600,2025-10-23 03:41:32.390338,591.87
O000621,S004364,U00052,2025-10-23 20:07:00.390338,463.83
O000622,S004365,U00329,2025-10-23 11:43:20.390338,680.89
O000623,S004371,U00559,2025-10-23 07:52:57.390338,227.97
O000624,S004376,U01476,2025-10-24 02:57:00.390338,448.46
O000625,S004377,U00653,2025-10-24 01:18:06.390338,108.6
O000626,S004381,U01244,2025-10-23 23:32:36.390338,126.07
O000627,S004382,U01146,2025-10-24 01:30:10.390338,508.74
O000628,S004387,U00646,2025-10-23 17:58:40.390338,307.2
O000629,S004392,U01417,2025-10-24 00:34:00.390338,488.44
O000630,S004394,U00080,2025-10-23 04:48:54.390338,705.41
O000631,S004396,U00188,2025-10-23 12:56:21.390338,493.46
O000632,S004410,U01579,2025-10-23 19:43:06.390338,413.47
O000633,S004417,U00871,2025-10-23 15:42:14.390338,887.3
O000634,S004418,U01779,2025-10-23 16:41:49.390338,417.95
O000635,S004422,U00386,2025-10-23 12:19:13.390338,495.28
O000636,S004467,U00380,2025-10-24 14:28:10.390338,990.5
O000637,S004482,U01172,2025-10-24 07:58:11.390338,828.51
O000638,S004485,U01412,2025-10-24 12:28:40.390338,356.76
O000639,S004490,U01365,2025-10-24 08:32:04.390338,289.03
O000640,S004492,U00224,2025-10-24 16:42:22.390338,799.85
O000641,S004497,U00103,2025-10-24 15:04:50.390338,793.31
O000642,S004503,U01915,2025-10-24 22:08:14.390338,798.69
O000643,S004505,U01045,2025-10-24 14:49:05.390338,731.07
O000644,S004515,U01253,2025-10-24 12:06:06.390338,603.62
O000645,S004519,U00925,2025-10-24 15:06:52.390338,418.6
O000646,S004524,U00643,2025-10-24 06:05:21.390338,435.01
O000647,S004535,U01032,2025-10-24 09:45:02.390338,446.08
O000648,S004540,U01430,2025-10-26 01:49:30.390338,916.35
O000649,S004542,U01935,2025-10-25 04:05:50.390338,100.5
O000650,S004547,U01511,2025-10-25 19:34:34.390338,363.65
O000651,S004552,U01411,2025-10-25 18:49:25.390338,829.26
O000652,S004553,U00857,2025-10-25 22:10:59.390338,808.64
O000653,S004560,U01924,2025-10-25 08:58:18.390338,764.09
O000654,S004561,U00508,2025-10-26 00:55:03.390338,534.66
O000655,S004571,U01526,2025-10-25 14:32:15.390338,104.73
O000656,S004575,U00743,2025-10-25 14:18:32.390338,77.3
O000657,S004576,U01857,2025-10-25 16:28:02.390338,256.9
O000658,S004577,U01694,2025-10-25 23:13:07.390338,441.93
O000659,S004583,U01900,2025-10-25 17:05:24.390338,202.06
O000660,S004587,U01129,2025-10-26 03:39:57.390338,267.98
O000661,S004588,U01642,2025-10-25 08:20:52.390338,992.18
O000662,S004592,U00357,2025-10-25 21:52:17.390338,501.57
O000663,S004593,U00900,2025-10-25 11:32:21.390338,486.07
O000664,S004598,U01714,2025-10-25 13:14:35.390338,641.46
O000665,S004603,U00991,2025-10-25 07:08:41.390338,396.26
O000666,S004604,U00094,2025-10-26 01:59:34.390338,589.78
O000667,S004605,U00699,2025-10-25 17:52:43.390338,626.85
O000668,S004608,U00627,2025-10-25 09:11:43.390338,881.27
O000669,S004609,U01887,2025-10-25 09:55:16.390338,678.64
O000670,S004613,U01154,2025-10-25 13:38:24.390338,606.29
O000671,S004614,U01917,2025-10-25 21:35:15.390338,481.27
O000672,S004615,U00116,2025-10-26 00:05:09.390338,546.62
O000673,S004621,U00592,2025-10-26 02:35:56.390338,694.41
O000674,S004632,U01820,2025-10-25 17:22:40.390338,165.52
O000675,S004633,U01876,2025-10-25 17:56:32.390338,656.18
O000676,S004637,U01331,2025-10-25 12:00:16.390338,597.01
O000677,S004646,U01485,2025-10-25 15:19:14.390338,776.62
O000678,S004648,U01837,2025-10-25 16:19:04.390338,366.31
O000679,S004659,U00630,2025-10-26 06:58:28.390338,423.24
O000680,S004661,U00002,2025-10-27 02:55:53.390338,819.07
O000681,S004664,U00663,2025-10-26 15:46:11.390338,397.42
O000682,S004673,U00158,2025-10-26 20:16:15.390338,561.84
O000683,S004691,U01817,2025-10-26 09:48:31.390338,425.37
O000684,S004695,U00160,2025-10-26 04:33:39.390338,742.74
O000685,S004703,U00479,2025-10-26 05:37:07.390338,245.59
O000686,S004705,U00319,2025-10-26 07:39:08.390338,973.06
O000687,S004712,U01957,2025-10-27 00:03:06.390338,122.4
O000688,S004730,U00639,2025-10-26 06:00:34.390338,270.7
O000689,S004740,U00807,2025-10-27 01:12:08.390338,775.54
O000690,S004743,U00109,2025-10-27 01:08:28.390338,820.39
O000691,S004749,U00694,2025-10-27 19:32:36.390338,616.85
O000692,S004750,U01226,2025-10-27 13:58:53.390338,83.91
O000693,S004765,U01865,2025-10-28 03:34:35.390338,65.81
O000694,S004786,U00826,2025-10-27 12:40:42.390338,470.58
O000695,S004790,U01147,2025-10-27 13:06:37.390338,876.62
O000696,S004795,U01630,2025-10-28 02:26:20.390338,72.35
O000697,S004800,U00678,2025-10-27 14:55:30.390338,223.75
O000698,S004815,U01267,2025-10-27 20:45:59.390338,360.26
O000699,S004834,U00272,2025-10-27 17:57:58.390338,114.04
O000700,S004839,U01210,2025-10-27 08:35:06.390338,362.22
O000701,S004841,U01411,2025-10-27 15:16:46.390338,451.16
O000702,S004849,U01287,2025-10-28 14:27:39.390338,205.05
O000703,S004856,U01288,2025-10-28 18:48:18.390338,977.0
O000704,S004857,U00239,2025-10-28 22:15:54.390338,980.21
O000705,S004858,U00180,2025-10-28 06:16:19.390338,730.33
O000706,S004864,U00123,2025-10-28 16:04:34.390338,69.92
O000707,S004865,U00641,2025-10-28 13:55:12.390338,849.21
O000708,S004866,U00062,2025-10-28 20:13:54.390338,608.5
O000709,S004874,U01717,2025-10-28 21:41:27.390338,486.87
O000710,S004884,U01918,2025-10-29 03:21:35.390338,243.34
O000711,S004893,U00811,2025-10-28 05:30:01.390338,85.41
O000712,S004906,U01073,2025-10-28 05:29:06.390338,752.36
O000713,S004909,U00554,2025-10-28 07:44:18.390338,925.53
O000714,S004917,U01115,2025-10-29 00:00:22.390338,336.33
O000715,S004926,U01078,2025-10-29 00:12:07.390338,53.83
O000716,S004933,U01668,2025-10-29 13:39:37.390338,711.69
O000717,S004934,U00503,2025-10-29 08:16:05.390338,645.3
O000718,S004938,U00547,2025-10-30 00:11:16.390338,448.59
O000719,S004940,U01685,2025-10-29 09:41:32.390338,678.94
O000720,S004943,U01920,2025-10-29 22:54:09.390338,448.15
O000721,S004946,U00234,2025-10-29 21:02:20.390338,636.68
O000722,S004952,U00245,2025-10-30 01:46:48.390338,513.54
O000723,S004953,U01880,2025-10-30 00:01:26.390338,238.94
O000724,S004961,U01628,2025-10-30 01:34:51.390338,673.77
O000725,S004962,U00927,2025-10-29 08:34:51.390338,146.49
O000726,S004964,U01743,2025-10-29 05:13:02.390338,738.03
O000727,S004971,U00140,2025-10-29 22:48:23.390338,759.67
O000728,S004995,U00134,2025-10-29 05:18:27.390338,751.0
O000729,S004998,U01617,2025-10-30 01:38:11.390338,862.19
O000730,S005009,U00472,2025-10-29 21:17:51.390338,591.09
O000731,S005021,U01253,2025-10-30 01:46:12.390338,425.32
O000732,S005044,U01177,2025-10-30 06:11:15.390338,709.46
O000733,S005046,U00853,2025-10-30 13:31:46.390338,62.24
O000734,S005047,U00781,2025-10-30 08:48:17.390338,125.62
O000735,S005053,U01410,2025-10-30 15:20:40.390338,231.65
O000736,S005056,U00046,2025-10-30 08:54:08.390338,203.15
O000737,S005059,U01657,2025-10-30 21:11:18.390338,838.12
O000738,S005068,U01771,2025-10-30 14:32:51.390338,86.81
O000739,S005071,U00266,2025-10-30 06:38:22.390338,297.06
O000740,S005073,U01850,2025-10-31 03:52:09.390338,318.47
O000741,S005076,U01772,2025-10-30 23:27:32.390338,577.09
O000742,S005084,U00544,2025-10-31 00:19:23.390338,550.12
O000743,S005092,U01689,2025-10-30 19:35:57.390338,298.7
O000744,S005097,U01016,2025-10-31 03:29:48.390338,638.78
O000745,S005101,U00601,2025-10-30 16:09:10.390338,686.59
O000746,S005118,U01329,2025-10-30 12:00:16.390338,129.11
O000747,S005119,U01090,2025-10-30 23:59:10.390338,244.15
O000748,S005123,U00518,2025-10-30 16:42:11.390338,297.6
O000749,S005126,U00734,2025-10-30 20:23:53.390338,239.53
O000750,S005129,U01777,2025-10-30 14:10:17.390338,394.79
O000751,S005130,U01941,2025-10-30 13:30:17.390338,973.44
O000752,S005147,U00814,2025-10-31 12:14:08.390338,50.79
O000753,S005162,U01961,2025-10-31 11:17:58.390338,695.32
O000754,S005165,U01886,2025-10-31 12:00:44.390338,658.89
O000755,S005178,U00970,2025-11-01 01:50:20.390338,955.19
O000756,S005183,U01836,2025-10-31 20:48:53.390338,491.42
O000757,S005191,U01488,2025-10-31 21:00:21.390338,177.47
O000758,S005194,U00245,2025-10-31 16:57:51.390338,64.31
O000759,S005211,U01810,2025-10-31 14:54:01.390338,730.9
O000760,S005219,U01973,2025-10-31 10:55:20.390338,344.82
O000761,S005221,U01903,2025-10-31 12:26:41.390338,818.84
O000762,S005233,U00861,2025-11-01 01:47:09.390338,904.09
O000763,S005235,U00235,2025-10-31 08:52:24.390338,744.22
O000764,S005252,U01266,2025-11-01 16:21:39.390338,949.01
O000765,S005260,U00643,2025-11-01 21:31:36.390338,566.11
O000766,S005270,U00487,2025-11-01 21:16:18.390338,841.75
O000767,S005281,U01836,2025-11-01 10:49:48.390338,338.39
O000768,S005283,U00219,2025-11-01 04:05:52.390338,746.94
O000769,S005285,U00664,2025-11-01 04:13:42.390338,232.16
O000770,S005310,U00973,2025-11-02 02:09:50.390338,796.77
O000771,S005314,U00246,2025-11-01 20:57:39.390338,691.89
O000772,S005323,U00017,2025-11-01 19:31:33.390338,878.48
O000773,S005328,U00981,2025-11-01 03:57:03.390338,338.6
O000774,S005332,U00864,2025-11-01 18:31:56.390338,166.63
O000775,S005337,U00308,2025-11-01 22:48:05.390338,797.22
O000776,S005340,U01305,2025-11-02 12:38:03.390338,762.39
O000777,S005341,U01806,2025-11-02 22:25:31.390338,470.0
O000778,S005351,U01620,2025-11-03 01:14:58.390338,388.09
O000779,S005365,U00139,2025-11-03 01:11:16.390338,794.38
O000780,S005366,U00408,2025-11-02 05:37:14.390338,879.51
O000781,S005370,U00342,2025-11-02 16:13:11.390338,503.4
O000782,S005372,U01335,2025-11-02 17:14:55.390338,681.12
O000783,S005373,U01043,2025-11-02 13:27:19.390338,363.12
O000784,S005378,U00441,2025-11-02 06:32:48.390338,394.05
O000785,S005380,U01507,2025-11-02 10:22:42.390338,211.9
O000786,S005381,U00305,2025-11-02 06:05:24.390338,71.73
O000787,S005388,U01497,2025-11-02 22:58:25.390338,981.99
O000788,S005397,U01739,2025-11-02 06:28:38.390338,164.11
O000789,S005401,U00323,2025-11-02 17:42:32.390338,379.17
O000790,S005415,U01565,2025-11-02 08:12:24.390338,157.35
O000791,S005419,U00481,2025-11-02 11:08:02.390338,959.83
O000792,S005421,U00194,2025-11-02 07:27:05.390338,885.57
O000793,S005424,U01031,2025-11-02 17:21:06.390338,784.0
O000794,S005430,U00148,2025-11-02 11:08:03.390338,236.3
O000795,S005459,U00305,2025-11-03 11:28:58.390338,424.48
O000796,S005467,U01864,2025-11-03 10:10:51.390338,215.61
O000797,S005484,U00329,2025-11-03 22:41:06.390338,966.35
O000798,S005504,U01403,2025-11-03 14:18:58.390338,525.42
O000799,S005522,U01491,2025-11-03 21:09:24.390338,806.11
O000800,S005524,U01621,2025-11-03 10:06:17.390338,622.9
O000801,S005525,U00446,2025-11-03 14:11:32.390338,205.51
O000802,S005528,U01227,2025-11-03 09:03:03.390338,651.15
O000803,S005534,U01160,2025-11-04 00:26:49.390338,237.69
O000804,S005544,U01438,2025-11-04 15:08:04.390338,991.63
O000805,S005546,U00824,2025-11-04 04:48:31.390338,138.22
O000806,S005550,U01330,2025-11-04 04:54:53.390338,278.09
O000807,S005557,U00649,2025-11-04 21:16:37.390338,304.03
O000808,S005560,U01401,2025-11-04 20:22:17.390338,460.5
O000809,S005569,U01572,2025-11-05 02:15:23.390338,968.66
O000810,S005576,U00477,2025-11-04 11:38:22.390338,120.44
O000811,S005578,U00476,2025-11-04 20:35:25.390338,615.34
O000812,S005579,U01516,2025-11-04 21:47:14.390338,724.51
O000813,S005582,U00405,2025-11-04 07:07:44.390338,89.03
O000814,S005586,U00847,2025-11-05 00:14:03.390338,725.68
O000815,S005587,U01163,2025-11-04 05:40:51.390338,864.02
O000816,S005593,U00461,2025-11-04 08:13:29.390338,991.52
O000817,S005600,U00616,2025-11-04 17:14:10.390338,811.91
O000818,S005615,U01989,2025-11-04 19:00:47.390338,52.75
O000819,S005617,U01738,2025-11-04 16:39:59.390338,910.2
O000820,S005627,U00503,2025-11-04 21:22:30.390338,464.44
O000821,S005634,U01888,2025-11-05 05:46:38.390338,975.9
O000822,S005635,U01383,2025-11-05 07:56:46.390338,525.78
O000823,S005646,U01241,2025-11-05 08:26:37.390338,418.03
O000824,S005651,U00624,2025-11-05 20:42:42.390338,549.42
O000825,S005665,U00747,2025-11-05 04:31:16.390338,64.1
O000826,S005667,U01261,2025-11-06 03:42:35.390338,125.02
O000827,S005669,U01740,2025-11-05 19:26:30.390338,733.51
O000828,S005677,U00087,2025-11-05 09:44:04.390338,540.83
O000829,S005682,U00125,2025-11-05 22:41:40.390338,684.41
O000830,S005687,U00867,2025-11-05 13:50:43.390338,552.81
O000831,S005697,U01303,2025-11-05 09:02:08.390338,80.82
O000832,S005707,U01899,2025-11-05 22:45:11.390338,848.53
O000833,S005717,U01413,2025-11-05 08:10:53.390338,891.55
O000834,S005718,U01013,2025-11-05 10:08:35.390338,323.76
O000835,S005732,U00865,2025-11-06 20:40:20.390338,209.99
O000836,S005733,U01657,2025-11-06 10:21:38.390338,716.11
O000837,S005751,U00587,2025-11-06 06:11:41.390338,817.05
O000838,S005752,U00144,2025-11-06 05:26:55.390338,147.06
O000839,S005763,U00530,2025-11-06 21:54:08.390338,176.01
O000840,S005767,U00675,2025-11-06 19:03:20.390338,767.22
O000841,S005769,U00074,2025-11-06 09:27:11.390338,608.81
O000842,S005770,U01596,2025-11-07 02:47:55.390338,272.17
O000843,S005776,U00222,2025-11-07 03:39:22.390338,215.05
O000844,S005778,U00232,2025-11-06 21:01:00.390338,452.85
O000845,S005779,U01631,2025-11-06 10:08:20.390338,118.18
O000846,S005782,U01597,2025-11-06 22:05:32.390338,999.5
O000847,S005784,U00277,2025-11-06 13:52:54.390338,123.77
O000848,S005790,U01891,2025-11-06 04:33:29.390338,930.9
O000849,S005802,U01510,2025-11-06 19:47:27.390338,986.92
O000850,S005821,U00445,2025-11-06 10:21:09.390338,509.59
O000851,S005824,U00654,2025-11-07 12:47:21.390338,168.18
O000852,S005828,U00725,2025-11-08 00:43:54.390338,218.02
O000853,S005836,U00435,2025-11-07 20:29:21.390338,954.47
O000854,S005837,U00938,2025-11-07 06:22:09.390338,103.78
O000855,S005838,U01488,2025-11-07 04:43:32.390338,536.52
O000856,S005850,U00043,2025-11-07 04:45:45.390338,997.76
O000857,S005866,U00284,2025-11-07 04:27:48.390338,113.68
O000858,S005867,U01475,2025-11-07 19:19:36.390338,863.65
O000859,S005869,U00975,2025-11-07 21:05:17.390338,896.75
O000860,S005877,U01408,2025-11-07 10:58:33.390338,809.13
O000861,S005881,U01786,2025-11-07 16:41:45.390338,778.34
O000862,S005889,U00247,2025-11-07 16:33:31.390338,480.79
O000863,S005891,U00335,2025-11-07 13:36:00.390338,372.67
O000864,S005892,U01912,2025-11-07 21:10:08.390338,274.6
O000865,S005901,U01400,2025-11-07 19:04:19.390338,194.56
O000866,S005902,U00057,2025-11-07 23:58:42.390338,70.66
O000867,S005908,U00775,2025-11-07 03:59:48.390338,377.26
O000868,S005915,U01062,2025-11-07 10:01:35.390338,452.75
O000869,S005923,U01492,2025-11-07 17:08:52.390338,220.14
O000870,S005924,U01137,2025-11-08 01:20:24.390338,571.22
O000871,S005928,U01623,2025-11-07 09:21:41.390338,537.2
O000872,S005932,U00674,2025-11-08 02:15:24.390338,821.95
O000873,S005934,U00615,2025-11-07 09:00:43.390338,847.9
